Age [Days];2.5 % Percentile;97.5 % Percentile 
1;14.1;22.8
2;13.9;22.6
3;13.8;22.5
4;13.6;22.3
5;13.4;22.1
6;13.2;22
7;13;21.8
8;12.8;21.7
9;12.6;21.5
10;12.5;21.3
11;12.3;21.1
12;12.1;20.9
13;11.9;20.7
14;11.7;20.5
15;11.5;20.3
16;11.3;20.1
17;11.1;19.8
18;10.9;19.6
19;10.7;19.4
20;10.5;19.1
21;10.4;18.9
22;10.2;18.6
23;10;18.3
24;9.9;18.1
25;9.8;17.8
26;9.6;17.6
27;9.5;17.3
28;9.4;17.1
29;9.3;16.8
30;9.2;16.6
31;9.1;16.3
32;9;16.1
33;9;15.8
34;8.9;15.6
35;8.8;15.4
36;8.8;15.2
37;8.7;15
38;8.7;14.8
39;8.7;14.6
40;8.6;14.5
41;8.6;14.3
42;8.6;14.1
43;8.6;14
44;8.6;13.9
45;8.5;13.8
46;8.5;13.6
47;8.5;13.5
48;8.5;13.4
49;8.5;13.3
50;8.5;13.3
51;8.5;13.2
52;8.5;13.1
53;8.5;13
54;8.5;13
55;8.6;12.9
56;8.6;12.9
57;8.6;12.8
58;8.6;12.8
59;8.6;12.7
60;8.6;12.7
61;8.6;12.7
62;8.6;12.6
63;8.6;12.6
64;8.6;12.6
65;8.6;12.6
66;8.7;12.5
67;8.7;12.5
68;8.7;12.5
69;8.7;12.5
70;8.7;12.5
71;8.7;12.5
72;8.7;12.5
73;8.7;12.5
74;8.7;12.5
75;8.8;12.5
76;8.8;12.6
77;8.8;12.6
78;8.8;12.6
79;8.8;12.6
80;8.8;12.6
81;8.8;12.6
82;8.8;12.6
83;8.9;12.7
84;8.9;12.7
85;8.9;12.7
86;8.9;12.7
87;8.9;12.7
88;9;12.8
89;9;12.8
90;9;12.8
91;9;12.8
92;9.1;12.8
93;9.1;12.9
94;9.1;12.9
95;9.1;12.9
96;9.2;12.9
97;9.2;13
98;9.2;13
99;9.2;13
100;9.3;13
101;9.3;13
102;9.3;13.1
103;9.3;13.1
104;9.4;13.1
105;9.4;13.1
106;9.4;13.1
107;9.4;13.2
108;9.5;13.2
109;9.5;13.2
110;9.5;13.2
111;9.5;13.2
112;9.5;13.2
113;9.6;13.2
114;9.6;13.3
115;9.6;13.3
116;9.6;13.3
117;9.6;13.3
118;9.6;13.3
119;9.7;13.3
120;9.7;13.3
121;9.7;13.3
122;9.7;13.3
123;9.7;13.3
124;9.7;13.3
125;9.7;13.3
126;9.7;13.3
127;9.7;13.3
128;9.7;13.3
129;9.7;13.3
130;9.8;13.3
131;9.8;13.4
132;9.8;13.4
133;9.8;13.4
134;9.8;13.4
135;9.8;13.4
136;9.8;13.4
137;9.8;13.4
138;9.8;13.4
139;9.8;13.4
140;9.8;13.4
141;9.8;13.4
142;9.8;13.4
143;9.8;13.4
144;9.8;13.4
145;9.8;13.4
146;9.8;13.4
147;9.8;13.4
148;9.8;13.4
149;9.8;13.4
150;9.8;13.4
151;9.8;13.4
152;9.8;13.4
153;9.8;13.4
154;9.8;13.4
155;9.8;13.4
156;9.8;13.4
157;9.8;13.4
158;9.8;13.4
159;9.8;13.4
160;9.8;13.4
161;9.8;13.4
162;9.8;13.4
163;9.8;13.4
164;9.8;13.4
165;9.8;13.4
166;9.8;13.4
167;9.8;13.4
168;9.8;13.4
169;9.8;13.4
170;9.8;13.4
171;9.8;13.4
172;9.8;13.4
173;9.8;13.4
174;9.8;13.4
175;9.8;13.4
176;9.8;13.4
177;9.8;13.4
178;9.8;13.4
179;9.8;13.4
180;9.8;13.4
181;9.8;13.4
182;9.8;13.4
183;9.8;13.4
184;9.8;13.4
185;9.8;13.4
186;9.8;13.4
187;9.8;13.4
188;9.8;13.4
189;9.8;13.4
190;9.8;13.4
191;9.8;13.4
192;9.8;13.4
193;9.8;13.4
194;9.8;13.4
195;9.8;13.4
196;9.8;13.4
197;9.8;13.4
198;9.8;13.4
199;9.8;13.4
200;9.8;13.4
201;9.8;13.4
202;9.8;13.4
203;9.8;13.4
204;9.8;13.4
205;9.8;13.4
206;9.8;13.4
207;9.8;13.4
208;9.8;13.4
209;9.8;13.4
210;9.8;13.4
211;9.8;13.4
212;9.8;13.4
213;9.8;13.4
214;9.8;13.4
215;9.8;13.4
216;9.8;13.4
217;9.9;13.4
218;9.9;13.4
219;9.9;13.4
220;9.9;13.4
221;9.9;13.4
222;9.9;13.4
223;9.9;13.4
224;9.9;13.4
225;9.9;13.4
226;9.9;13.4
227;9.9;13.4
228;9.9;13.4
229;9.9;13.4
230;9.9;13.4
231;9.9;13.4
232;9.9;13.4
233;9.9;13.4
234;9.9;13.4
235;9.9;13.4
236;9.9;13.4
237;9.9;13.4
238;9.9;13.4
239;9.9;13.4
240;9.9;13.4
241;9.9;13.4
242;9.9;13.4
243;9.9;13.4
244;9.9;13.4
245;9.9;13.4
246;9.9;13.4
247;9.9;13.4
248;9.9;13.4
249;9.9;13.4
250;9.9;13.4
251;9.9;13.4
252;9.9;13.4
253;9.9;13.4
254;9.9;13.4
255;9.9;13.4
256;9.9;13.4
257;9.9;13.4
258;9.9;13.4
259;9.9;13.4
260;9.9;13.4
261;9.9;13.4
262;9.9;13.4
263;9.9;13.4
264;9.9;13.4
265;9.9;13.4
266;9.9;13.4
267;9.9;13.4
268;9.9;13.4
269;9.9;13.4
270;9.9;13.4
271;9.9;13.4
272;9.9;13.4
273;9.9;13.4
274;9.9;13.4
275;9.9;13.4
276;9.9;13.4
277;9.9;13.4
278;9.9;13.4
279;9.9;13.4
280;9.9;13.4
281;9.9;13.4
282;9.9;13.4
283;9.9;13.4
284;9.9;13.4
285;9.9;13.4
286;9.9;13.4
287;9.9;13.4
288;9.9;13.4
289;9.9;13.4
290;9.9;13.4
291;9.9;13.4
292;9.9;13.4
293;9.9;13.4
294;9.9;13.4
295;9.9;13.4
296;9.9;13.4
297;9.9;13.4
298;9.9;13.4
299;9.9;13.4
300;9.9;13.4
301;9.9;13.4
302;9.9;13.4
303;9.9;13.4
304;9.9;13.4
305;9.9;13.4
306;9.9;13.4
307;9.9;13.4
308;9.9;13.4
309;9.9;13.4
310;9.9;13.4
311;9.9;13.4
312;9.9;13.4
313;9.9;13.4
314;9.9;13.4
315;9.9;13.4
316;9.9;13.4
317;9.9;13.4
318;9.9;13.4
319;9.9;13.4
320;9.9;13.4
321;9.9;13.4
322;9.9;13.4
323;9.9;13.4
324;9.9;13.4
325;9.9;13.4
326;9.9;13.4
327;9.9;13.4
328;9.9;13.5
329;10;13.5
330;10;13.5
331;10;13.5
332;10;13.5
333;10;13.5
334;10;13.5
335;10;13.5
336;10;13.5
337;10;13.5
338;10;13.5
339;10;13.5
340;10;13.5
341;10;13.5
342;10;13.5
343;10;13.5
344;10;13.5
345;10;13.5
346;10;13.5
347;10;13.5
348;10;13.5
349;10;13.5
350;10;13.5
351;10;13.5
352;10;13.5
353;10;13.5
354;10;13.5
355;10;13.5
356;10;13.5
357;10;13.5
358;10;13.5
359;10;13.5
360;10;13.5
361;10;13.5
362;10;13.5
363;10;13.5
364;10;13.5
365;10;13.5
366;10;13.5
367;10;13.5
368;10;13.5
369;10;13.5
370;10;13.5
371;10;13.5
372;10;13.5
373;10;13.5
374;10;13.5
375;10;13.5
376;10;13.5
377;10;13.5
378;10;13.5
379;10;13.5
380;10;13.5
381;10;13.5
382;10;13.5
383;10;13.5
384;10;13.5
385;10;13.5
386;10;13.5
387;10;13.5
388;10;13.5
389;10;13.5
390;10;13.5
391;10;13.5
392;10;13.5
393;10;13.5
394;10;13.5
395;10;13.5
396;10;13.5
397;10;13.5
398;10;13.5
399;10;13.5
400;10;13.5
401;10;13.5
402;10;13.5
403;10;13.5
404;10;13.5
405;10;13.5
406;10;13.5
407;10;13.5
408;10;13.5
409;10;13.5
410;10;13.5
411;10;13.5
412;10;13.5
413;10;13.5
414;10;13.5
415;10;13.5
416;10;13.5
417;10;13.5
418;10;13.5
419;10;13.5
420;10;13.5
421;10;13.5
422;10;13.5
423;10;13.5
424;10;13.5
425;10;13.5
426;10;13.5
427;10;13.5
428;10;13.5
429;10;13.5
430;10;13.5
431;10;13.5
432;10;13.5
433;10;13.5
434;10;13.5
435;10;13.5
436;10;13.5
437;10;13.5
438;10;13.5
439;10;13.5
440;10;13.5
441;10;13.5
442;10;13.5
443;10;13.5
444;10.1;13.5
445;10.1;13.5
446;10.1;13.5
447;10.1;13.5
448;10.1;13.5
449;10.1;13.5
450;10.1;13.5
451;10.1;13.5
452;10.1;13.5
453;10.1;13.5
454;10.1;13.5
455;10.1;13.5
456;10.1;13.5
457;10.1;13.5
458;10.1;13.5
459;10.1;13.5
460;10.1;13.5
461;10.1;13.5
462;10.1;13.5
463;10.1;13.5
464;10.1;13.5
465;10.1;13.5
466;10.1;13.5
467;10.1;13.5
468;10.1;13.5
469;10.1;13.5
470;10.1;13.5
471;10.1;13.5
472;10.1;13.5
473;10.1;13.5
474;10.1;13.5
475;10.1;13.5
476;10.1;13.5
477;10.1;13.5
478;10.1;13.5
479;10.1;13.5
480;10.1;13.5
481;10.1;13.5
482;10.1;13.5
483;10.1;13.5
484;10.1;13.5
485;10.1;13.5
486;10.1;13.5
487;10.1;13.5
488;10.1;13.5
489;10.1;13.5
490;10.1;13.5
491;10.1;13.5
492;10.1;13.5
493;10.1;13.5
494;10.1;13.5
495;10.1;13.5
496;10.1;13.5
497;10.1;13.5
498;10.1;13.5
499;10.1;13.5
500;10.1;13.5
501;10.1;13.5
502;10.1;13.5
503;10.1;13.5
504;10.1;13.5
505;10.1;13.5
506;10.1;13.5
507;10.1;13.5
508;10.1;13.5
509;10.1;13.5
510;10.1;13.5
511;10.1;13.5
512;10.1;13.5
513;10.1;13.5
514;10.1;13.5
515;10.1;13.5
516;10.1;13.5
517;10.1;13.5
518;10.1;13.5
519;10.1;13.5
520;10.1;13.5
521;10.1;13.5
522;10.1;13.5
523;10.1;13.5
524;10.1;13.5
525;10.1;13.5
526;10.1;13.5
527;10.1;13.5
528;10.1;13.5
529;10.1;13.5
530;10.1;13.5
531;10.1;13.5
532;10.1;13.5
533;10.1;13.5
534;10.1;13.5
535;10.1;13.5
536;10.1;13.5
537;10.1;13.5
538;10.1;13.5
539;10.1;13.5
540;10.1;13.5
541;10.1;13.5
542;10.1;13.5
543;10.1;13.5
544;10.1;13.5
545;10.1;13.5
546;10.1;13.5
547;10.1;13.5
548;10.1;13.6
549;10.1;13.6
550;10.1;13.6
551;10.1;13.6
552;10.1;13.6
553;10.1;13.6
554;10.1;13.6
555;10.1;13.6
556;10.1;13.6
557;10.1;13.6
558;10.1;13.6
559;10.1;13.6
560;10.1;13.6
561;10.1;13.6
562;10.2;13.6
563;10.2;13.6
564;10.2;13.6
565;10.2;13.6
566;10.2;13.6
567;10.2;13.6
568;10.2;13.6
569;10.2;13.6
570;10.2;13.6
571;10.2;13.6
572;10.2;13.6
573;10.2;13.6
574;10.2;13.6
575;10.2;13.6
576;10.2;13.6
577;10.2;13.6
578;10.2;13.6
579;10.2;13.6
580;10.2;13.6
581;10.2;13.6
582;10.2;13.6
583;10.2;13.6
584;10.2;13.6
585;10.2;13.6
586;10.2;13.6
587;10.2;13.6
588;10.2;13.6
589;10.2;13.6
590;10.2;13.6
591;10.2;13.6
592;10.2;13.6
593;10.2;13.6
594;10.2;13.6
595;10.2;13.6
596;10.2;13.6
597;10.2;13.6
598;10.2;13.6
599;10.2;13.6
600;10.2;13.6
601;10.2;13.6
602;10.2;13.6
603;10.2;13.6
604;10.2;13.6
605;10.2;13.6
606;10.2;13.6
607;10.2;13.6
608;10.2;13.6
609;10.2;13.6
610;10.2;13.6
611;10.2;13.6
612;10.2;13.6
613;10.2;13.6
614;10.2;13.6
615;10.2;13.6
616;10.2;13.6
617;10.2;13.6
618;10.2;13.6
619;10.2;13.6
620;10.2;13.6
621;10.2;13.6
622;10.2;13.6
623;10.2;13.6
624;10.2;13.6
625;10.2;13.6
626;10.2;13.6
627;10.2;13.6
628;10.2;13.6
629;10.2;13.6
630;10.2;13.6
631;10.2;13.6
632;10.2;13.6
633;10.2;13.6
634;10.2;13.6
635;10.2;13.6
636;10.2;13.6
637;10.2;13.6
638;10.2;13.6
639;10.2;13.6
640;10.2;13.6
641;10.2;13.6
642;10.2;13.6
643;10.2;13.6
644;10.2;13.6
645;10.2;13.6
646;10.2;13.6
647;10.2;13.6
648;10.2;13.6
649;10.2;13.6
650;10.2;13.6
651;10.2;13.6
652;10.2;13.6
653;10.2;13.6
654;10.2;13.6
655;10.2;13.6
656;10.2;13.6
657;10.2;13.6
658;10.2;13.6
659;10.2;13.6
660;10.2;13.6
661;10.2;13.6
662;10.2;13.6
663;10.2;13.6
664;10.2;13.6
665;10.2;13.6
666;10.2;13.6
667;10.2;13.6
668;10.2;13.6
669;10.2;13.6
670;10.2;13.6
671;10.2;13.6
672;10.2;13.6
673;10.2;13.6
674;10.2;13.6
675;10.2;13.6
676;10.2;13.6
677;10.2;13.6
678;10.2;13.6
679;10.2;13.6
680;10.2;13.6
681;10.2;13.6
682;10.2;13.6
683;10.2;13.6
684;10.3;13.6
685;10.3;13.6
686;10.3;13.6
687;10.3;13.6
688;10.3;13.6
689;10.3;13.6
690;10.3;13.6
691;10.3;13.6
692;10.3;13.6
693;10.3;13.6
694;10.3;13.6
695;10.3;13.6
696;10.3;13.6
697;10.3;13.6
698;10.3;13.6
699;10.3;13.6
700;10.3;13.6
701;10.3;13.6
702;10.3;13.6
703;10.3;13.6
704;10.3;13.6
705;10.3;13.6
706;10.3;13.6
707;10.3;13.6
708;10.3;13.6
709;10.3;13.6
710;10.3;13.6
711;10.3;13.6
712;10.3;13.6
713;10.3;13.6
714;10.3;13.6
715;10.3;13.6
716;10.3;13.6
717;10.3;13.6
718;10.3;13.6
719;10.3;13.6
720;10.3;13.6
721;10.3;13.6
722;10.3;13.6
723;10.3;13.6
724;10.3;13.6
725;10.3;13.6
726;10.3;13.6
727;10.3;13.6
728;10.3;13.6
729;10.3;13.6
730;10.3;13.6
731;10.3;13.6
732;10.3;13.6
733;10.3;13.6
734;10.3;13.6
735;10.3;13.6
736;10.3;13.6
737;10.3;13.6
738;10.3;13.6
739;10.3;13.6
740;10.3;13.6
741;10.3;13.6
742;10.3;13.6
743;10.3;13.6
744;10.3;13.6
745;10.3;13.6
746;10.3;13.6
747;10.3;13.6
748;10.3;13.6
749;10.3;13.6
750;10.3;13.6
751;10.3;13.6
752;10.3;13.6
753;10.3;13.6
754;10.3;13.6
755;10.3;13.6
756;10.3;13.6
757;10.3;13.6
758;10.3;13.6
759;10.3;13.6
760;10.3;13.6
761;10.3;13.6
762;10.3;13.6
763;10.3;13.6
764;10.3;13.6
765;10.3;13.6
766;10.3;13.6
767;10.3;13.6
768;10.3;13.6
769;10.3;13.6
770;10.3;13.6
771;10.3;13.6
772;10.3;13.6
773;10.3;13.6
774;10.3;13.6
775;10.3;13.6
776;10.3;13.6
777;10.3;13.6
778;10.3;13.6
779;10.3;13.6
780;10.3;13.6
781;10.3;13.7
782;10.3;13.7
783;10.3;13.7
784;10.3;13.7
785;10.3;13.7
786;10.3;13.7
787;10.3;13.7
788;10.3;13.7
789;10.3;13.7
790;10.3;13.7
791;10.3;13.7
792;10.3;13.7
793;10.3;13.7
794;10.3;13.7
795;10.3;13.7
796;10.3;13.7
797;10.3;13.7
798;10.3;13.7
799;10.3;13.7
800;10.3;13.7
801;10.3;13.7
802;10.3;13.7
803;10.3;13.7
804;10.3;13.7
805;10.3;13.7
806;10.3;13.7
807;10.3;13.7
808;10.3;13.7
809;10.3;13.7
810;10.3;13.7
811;10.3;13.7
812;10.3;13.7
813;10.4;13.7
814;10.4;13.7
815;10.4;13.7
816;10.4;13.7
817;10.4;13.7
818;10.4;13.7
819;10.4;13.7
820;10.4;13.7
821;10.4;13.7
822;10.4;13.7
823;10.4;13.7
824;10.4;13.7
825;10.4;13.7
826;10.4;13.7
827;10.4;13.7
828;10.4;13.7
829;10.4;13.7
830;10.4;13.7
831;10.4;13.7
832;10.4;13.7
833;10.4;13.7
834;10.4;13.7
835;10.4;13.7
836;10.4;13.7
837;10.4;13.7
838;10.4;13.7
839;10.4;13.7
840;10.4;13.7
841;10.4;13.7
842;10.4;13.7
843;10.4;13.7
844;10.4;13.7
845;10.4;13.7
846;10.4;13.7
847;10.4;13.7
848;10.4;13.7
849;10.4;13.7
850;10.4;13.7
851;10.4;13.7
852;10.4;13.7
853;10.4;13.7
854;10.4;13.7
855;10.4;13.7
856;10.4;13.7
857;10.4;13.7
858;10.4;13.7
859;10.4;13.7
860;10.4;13.7
861;10.4;13.7
862;10.4;13.7
863;10.4;13.7
864;10.4;13.7
865;10.4;13.7
866;10.4;13.7
867;10.4;13.7
868;10.4;13.7
869;10.4;13.7
870;10.4;13.7
871;10.4;13.7
872;10.4;13.7
873;10.4;13.7
874;10.4;13.7
875;10.4;13.7
876;10.4;13.7
877;10.4;13.7
878;10.4;13.7
879;10.4;13.7
880;10.4;13.7
881;10.4;13.7
882;10.4;13.7
883;10.4;13.7
884;10.4;13.7
885;10.4;13.7
886;10.4;13.7
887;10.4;13.7
888;10.4;13.7
889;10.4;13.7
890;10.4;13.7
891;10.4;13.7
892;10.4;13.7
893;10.4;13.7
894;10.4;13.7
895;10.4;13.7
896;10.4;13.7
897;10.4;13.7
898;10.4;13.7
899;10.4;13.7
900;10.4;13.7
901;10.4;13.7
902;10.4;13.7
903;10.4;13.7
904;10.4;13.7
905;10.4;13.7
906;10.4;13.7
907;10.4;13.7
908;10.4;13.7
909;10.4;13.7
910;10.4;13.7
911;10.4;13.7
912;10.4;13.7
913;10.4;13.7
914;10.4;13.7
915;10.4;13.7
916;10.4;13.7
917;10.4;13.7
918;10.4;13.7
919;10.4;13.7
920;10.4;13.7
921;10.4;13.7
922;10.4;13.7
923;10.4;13.7
924;10.4;13.7
925;10.4;13.7
926;10.4;13.7
927;10.4;13.7
928;10.4;13.7
929;10.4;13.7
930;10.4;13.7
931;10.4;13.7
932;10.4;13.7
933;10.4;13.7
934;10.4;13.7
935;10.4;13.7
936;10.4;13.7
937;10.4;13.7
938;10.4;13.7
939;10.4;13.7
940;10.4;13.7
941;10.4;13.7
942;10.4;13.7
943;10.4;13.7
944;10.4;13.7
945;10.4;13.7
946;10.4;13.7
947;10.4;13.7
948;10.4;13.7
949;10.4;13.7
950;10.5;13.7
951;10.5;13.7
952;10.5;13.7
953;10.5;13.7
954;10.5;13.7
955;10.5;13.7
956;10.5;13.7
957;10.5;13.7
958;10.5;13.7
959;10.5;13.7
960;10.5;13.7
961;10.5;13.7
962;10.5;13.7
963;10.5;13.7
964;10.5;13.7
965;10.5;13.7
966;10.5;13.7
967;10.5;13.7
968;10.5;13.7
969;10.5;13.7
970;10.5;13.7
971;10.5;13.7
972;10.5;13.7
973;10.5;13.7
974;10.5;13.7
975;10.5;13.7
976;10.5;13.7
977;10.5;13.7
978;10.5;13.7
979;10.5;13.7
980;10.5;13.7
981;10.5;13.7
982;10.5;13.7
983;10.5;13.7
984;10.5;13.7
985;10.5;13.7
986;10.5;13.7
987;10.5;13.7
988;10.5;13.7
989;10.5;13.7
990;10.5;13.7
991;10.5;13.7
992;10.5;13.7
993;10.5;13.7
994;10.5;13.7
995;10.5;13.7
996;10.5;13.7
997;10.5;13.7
998;10.5;13.7
999;10.5;13.7
1000;10.5;13.7
1001;10.5;13.7
1002;10.5;13.7
1003;10.5;13.7
1004;10.5;13.7
1005;10.5;13.7
1006;10.5;13.7
1007;10.5;13.7
1008;10.5;13.7
1009;10.5;13.7
1010;10.5;13.7
1011;10.5;13.7
1012;10.5;13.7
1013;10.5;13.7
1014;10.5;13.7
1015;10.5;13.7
1016;10.5;13.7
1017;10.5;13.7
1018;10.5;13.7
1019;10.5;13.7
1020;10.5;13.7
1021;10.5;13.7
1022;10.5;13.7
1023;10.5;13.7
1024;10.5;13.7
1025;10.5;13.7
1026;10.5;13.7
1027;10.5;13.7
1028;10.5;13.8
1029;10.5;13.8
1030;10.5;13.8
1031;10.5;13.8
1032;10.5;13.8
1033;10.5;13.8
1034;10.5;13.8
1035;10.5;13.8
1036;10.5;13.8
1037;10.5;13.8
1038;10.5;13.8
1039;10.5;13.8
1040;10.5;13.8
1041;10.5;13.8
1042;10.5;13.8
1043;10.5;13.8
1044;10.5;13.8
1045;10.5;13.8
1046;10.5;13.8
1047;10.5;13.8
1048;10.5;13.8
1049;10.5;13.8
1050;10.5;13.8
1051;10.5;13.8
1052;10.5;13.8
1053;10.5;13.8
1054;10.5;13.8
1055;10.5;13.8
1056;10.5;13.8
1057;10.5;13.8
1058;10.5;13.8
1059;10.5;13.8
1060;10.5;13.8
1061;10.5;13.8
1062;10.5;13.8
1063;10.5;13.8
1064;10.5;13.8
1065;10.5;13.8
1066;10.5;13.8
1067;10.5;13.8
1068;10.5;13.8
1069;10.5;13.8
1070;10.5;13.8
1071;10.5;13.8
1072;10.5;13.8
1073;10.5;13.8
1074;10.5;13.8
1075;10.5;13.8
1076;10.5;13.8
1077;10.5;13.8
1078;10.5;13.8
1079;10.5;13.8
1080;10.5;13.8
1081;10.5;13.8
1082;10.5;13.8
1083;10.5;13.8
1084;10.5;13.8
1085;10.5;13.8
1086;10.5;13.8
1087;10.5;13.8
1088;10.5;13.8
1089;10.5;13.8
1090;10.5;13.8
1091;10.5;13.8
1092;10.5;13.8
1093;10.5;13.8
1094;10.5;13.8
1095;10.5;13.8
1096;10.6;13.8
1097;10.6;13.8
1098;10.6;13.8
1099;10.6;13.8
1100;10.6;13.8
1101;10.6;13.8
1102;10.6;13.8
1103;10.6;13.8
1104;10.6;13.8
1105;10.6;13.8
1106;10.6;13.8
1107;10.6;13.8
1108;10.6;13.8
1109;10.6;13.8
1110;10.6;13.8
1111;10.6;13.8
1112;10.6;13.8
1113;10.6;13.8
1114;10.6;13.8
1115;10.6;13.8
1116;10.6;13.8
1117;10.6;13.8
1118;10.6;13.8
1119;10.6;13.8
1120;10.6;13.8
1121;10.6;13.8
1122;10.6;13.8
1123;10.6;13.8
1124;10.6;13.8
1125;10.6;13.8
1126;10.6;13.8
1127;10.6;13.8
1128;10.6;13.8
1129;10.6;13.8
1130;10.6;13.8
1131;10.6;13.8
1132;10.6;13.8
1133;10.6;13.8
1134;10.6;13.8
1135;10.6;13.8
1136;10.6;13.8
1137;10.6;13.8
1138;10.6;13.8
1139;10.6;13.8
1140;10.6;13.8
1141;10.6;13.8
1142;10.6;13.8
1143;10.6;13.8
1144;10.6;13.8
1145;10.6;13.8
1146;10.6;13.8
1147;10.6;13.8
1148;10.6;13.8
1149;10.6;13.8
1150;10.6;13.8
1151;10.6;13.8
1152;10.6;13.8
1153;10.6;13.8
1154;10.6;13.8
1155;10.6;13.8
1156;10.6;13.8
1157;10.6;13.8
1158;10.6;13.8
1159;10.6;13.8
1160;10.6;13.8
1161;10.6;13.8
1162;10.6;13.8
1163;10.6;13.8
1164;10.6;13.8
1165;10.6;13.8
1166;10.6;13.8
1167;10.6;13.8
1168;10.6;13.8
1169;10.6;13.8
1170;10.6;13.8
1171;10.6;13.8
1172;10.6;13.8
1173;10.6;13.8
1174;10.6;13.8
1175;10.6;13.8
1176;10.6;13.8
1177;10.6;13.8
1178;10.6;13.8
1179;10.6;13.8
1180;10.6;13.8
1181;10.6;13.8
1182;10.6;13.8
1183;10.6;13.8
1184;10.6;13.8
1185;10.6;13.8
1186;10.6;13.8
1187;10.6;13.8
1188;10.6;13.8
1189;10.6;13.8
1190;10.6;13.8
1191;10.6;13.8
1192;10.6;13.8
1193;10.6;13.8
1194;10.6;13.8
1195;10.6;13.8
1196;10.6;13.8
1197;10.6;13.8
1198;10.6;13.8
1199;10.6;13.8
1200;10.6;13.8
1201;10.6;13.8
1202;10.6;13.8
1203;10.6;13.8
1204;10.6;13.8
1205;10.6;13.8
1206;10.6;13.8
1207;10.6;13.8
1208;10.6;13.8
1209;10.6;13.8
1210;10.6;13.8
1211;10.6;13.8
1212;10.6;13.8
1213;10.6;13.8
1214;10.6;13.8
1215;10.6;13.8
1216;10.6;13.8
1217;10.6;13.8
1218;10.6;13.8
1219;10.6;13.8
1220;10.6;13.8
1221;10.6;13.8
1222;10.6;13.8
1223;10.6;13.8
1224;10.6;13.8
1225;10.6;13.8
1226;10.6;13.8
1227;10.6;13.8
1228;10.6;13.8
1229;10.6;13.8
1230;10.6;13.8
1231;10.6;13.8
1232;10.6;13.8
1233;10.6;13.8
1234;10.6;13.8
1235;10.6;13.8
1236;10.6;13.8
1237;10.6;13.8
1238;10.6;13.8
1239;10.6;13.8
1240;10.6;13.8
1241;10.6;13.8
1242;10.6;13.8
1243;10.6;13.8
1244;10.6;13.8
1245;10.6;13.8
1246;10.6;13.8
1247;10.6;13.8
1248;10.6;13.8
1249;10.6;13.8
1250;10.6;13.8
1251;10.6;13.8
1252;10.6;13.8
1253;10.6;13.8
1254;10.7;13.8
1255;10.7;13.8
1256;10.7;13.8
1257;10.7;13.8
1258;10.7;13.8
1259;10.7;13.8
1260;10.7;13.8
1261;10.7;13.8
1262;10.7;13.8
1263;10.7;13.8
1264;10.7;13.8
1265;10.7;13.8
1266;10.7;13.8
1267;10.7;13.8
1268;10.7;13.8
1269;10.7;13.8
1270;10.7;13.8
1271;10.7;13.8
1272;10.7;13.8
1273;10.7;13.8
1274;10.7;13.8
1275;10.7;13.8
1276;10.7;13.8
1277;10.7;13.8
1278;10.7;13.8
1279;10.7;13.8
1280;10.7;13.8
1281;10.7;13.9
1282;10.7;13.9
1283;10.7;13.9
1284;10.7;13.9
1285;10.7;13.9
1286;10.7;13.9
1287;10.7;13.9
1288;10.7;13.9
1289;10.7;13.9
1290;10.7;13.9
1291;10.7;13.9
1292;10.7;13.9
1293;10.7;13.9
1294;10.7;13.9
1295;10.7;13.9
1296;10.7;13.9
1297;10.7;13.9
1298;10.7;13.9
1299;10.7;13.9
1300;10.7;13.9
1301;10.7;13.9
1302;10.7;13.9
1303;10.7;13.9
1304;10.7;13.9
1305;10.7;13.9
1306;10.7;13.9
1307;10.7;13.9
1308;10.7;13.9
1309;10.7;13.9
1310;10.7;13.9
1311;10.7;13.9
1312;10.7;13.9
1313;10.7;13.9
1314;10.7;13.9
1315;10.7;13.9
1316;10.7;13.9
1317;10.7;13.9
1318;10.7;13.9
1319;10.7;13.9
1320;10.7;13.9
1321;10.7;13.9
1322;10.7;13.9
1323;10.7;13.9
1324;10.7;13.9
1325;10.7;13.9
1326;10.7;13.9
1327;10.7;13.9
1328;10.7;13.9
1329;10.7;13.9
1330;10.7;13.9
1331;10.7;13.9
1332;10.7;13.9
1333;10.7;13.9
1334;10.7;13.9
1335;10.7;13.9
1336;10.7;13.9
1337;10.7;13.9
1338;10.7;13.9
1339;10.7;13.9
1340;10.7;13.9
1341;10.7;13.9
1342;10.7;13.9
1343;10.7;13.9
1344;10.7;13.9
1345;10.7;13.9
1346;10.7;13.9
1347;10.7;13.9
1348;10.7;13.9
1349;10.7;13.9
1350;10.7;13.9
1351;10.7;13.9
1352;10.7;13.9
1353;10.7;13.9
1354;10.7;13.9
1355;10.7;13.9
1356;10.7;13.9
1357;10.7;13.9
1358;10.7;13.9
1359;10.7;13.9
1360;10.7;13.9
1361;10.7;13.9
1362;10.7;13.9
1363;10.7;13.9
1364;10.7;13.9
1365;10.7;13.9
1366;10.7;13.9
1367;10.7;13.9
1368;10.7;13.9
1369;10.7;13.9
1370;10.7;13.9
1371;10.7;13.9
1372;10.7;13.9
1373;10.7;13.9
1374;10.7;13.9
1375;10.7;13.9
1376;10.7;13.9
1377;10.7;13.9
1378;10.7;13.9
1379;10.7;13.9
1380;10.7;13.9
1381;10.7;13.9
1382;10.7;13.9
1383;10.7;13.9
1384;10.7;13.9
1385;10.7;13.9
1386;10.7;13.9
1387;10.7;13.9
1388;10.7;13.9
1389;10.7;13.9
1390;10.7;13.9
1391;10.7;13.9
1392;10.7;13.9
1393;10.7;13.9
1394;10.7;13.9
1395;10.7;13.9
1396;10.7;13.9
1397;10.7;13.9
1398;10.7;13.9
1399;10.7;13.9
1400;10.7;13.9
1401;10.7;13.9
1402;10.7;13.9
1403;10.7;13.9
1404;10.7;13.9
1405;10.7;13.9
1406;10.7;13.9
1407;10.7;13.9
1408;10.7;13.9
1409;10.7;13.9
1410;10.7;13.9
1411;10.7;13.9
1412;10.7;13.9
1413;10.7;13.9
1414;10.7;13.9
1415;10.7;13.9
1416;10.7;13.9
1417;10.7;13.9
1418;10.7;13.9
1419;10.7;13.9
1420;10.7;13.9
1421;10.7;13.9
1422;10.7;13.9
1423;10.7;13.9
1424;10.7;13.9
1425;10.8;13.9
1426;10.8;13.9
1427;10.8;13.9
1428;10.8;13.9
1429;10.8;13.9
1430;10.8;13.9
1431;10.8;13.9
1432;10.8;13.9
1433;10.8;13.9
1434;10.8;13.9
1435;10.8;13.9
1436;10.8;13.9
1437;10.8;13.9
1438;10.8;13.9
1439;10.8;13.9
1440;10.8;13.9
1441;10.8;13.9
1442;10.8;13.9
1443;10.8;13.9
1444;10.8;13.9
1445;10.8;13.9
1446;10.8;13.9
1447;10.8;13.9
1448;10.8;13.9
1449;10.8;13.9
1450;10.8;13.9
1451;10.8;13.9
1452;10.8;13.9
1453;10.8;13.9
1454;10.8;13.9
1455;10.8;13.9
1456;10.8;13.9
1457;10.8;13.9
1458;10.8;13.9
1459;10.8;13.9
1460;10.8;13.9
1461;10.8;13.9
1462;10.8;13.9
1463;10.8;13.9
1464;10.8;13.9
1465;10.8;13.9
1466;10.8;13.9
1467;10.8;13.9
1468;10.8;13.9
1469;10.8;13.9
1470;10.8;13.9
1471;10.8;13.9
1472;10.8;13.9
1473;10.8;13.9
1474;10.8;13.9
1475;10.8;13.9
1476;10.8;13.9
1477;10.8;13.9
1478;10.8;13.9
1479;10.8;13.9
1480;10.8;13.9
1481;10.8;13.9
1482;10.8;13.9
1483;10.8;13.9
1484;10.8;13.9
1485;10.8;13.9
1486;10.8;13.9
1487;10.8;13.9
1488;10.8;13.9
1489;10.8;13.9
1490;10.8;13.9
1491;10.8;13.9
1492;10.8;13.9
1493;10.8;13.9
1494;10.8;13.9
1495;10.8;13.9
1496;10.8;13.9
1497;10.8;13.9
1498;10.8;13.9
1499;10.8;13.9
1500;10.8;13.9
1501;10.8;13.9
1502;10.8;13.9
1503;10.8;13.9
1504;10.8;13.9
1505;10.8;13.9
1506;10.8;13.9
1507;10.8;13.9
1508;10.8;13.9
1509;10.8;13.9
1510;10.8;13.9
1511;10.8;13.9
1512;10.8;13.9
1513;10.8;13.9
1514;10.8;13.9
1515;10.8;13.9
1516;10.8;13.9
1517;10.8;13.9
1518;10.8;13.9
1519;10.8;13.9
1520;10.8;13.9
1521;10.8;13.9
1522;10.8;13.9
1523;10.8;13.9
1524;10.8;13.9
1525;10.8;13.9
1526;10.8;13.9
1527;10.8;14
1528;10.8;14
1529;10.8;14
1530;10.8;14
1531;10.8;14
1532;10.8;14
1533;10.8;14
1534;10.8;14
1535;10.8;14
1536;10.8;14
1537;10.8;14
1538;10.8;14
1539;10.8;14
1540;10.8;14
1541;10.8;14
1542;10.8;14
1543;10.8;14
1544;10.8;14
1545;10.8;14
1546;10.8;14
1547;10.8;14
1548;10.8;14
1549;10.8;14
1550;10.8;14
1551;10.8;14
1552;10.8;14
1553;10.8;14
1554;10.8;14
1555;10.8;14
1556;10.8;14
1557;10.8;14
1558;10.8;14
1559;10.8;14
1560;10.8;14
1561;10.8;14
1562;10.8;14
1563;10.8;14
1564;10.8;14
1565;10.8;14
1566;10.8;14
1567;10.8;14
1568;10.8;14
1569;10.8;14
1570;10.8;14
1571;10.8;14
1572;10.8;14
1573;10.8;14
1574;10.8;14
1575;10.8;14
1576;10.8;14
1577;10.8;14
1578;10.8;14
1579;10.8;14
1580;10.8;14
1581;10.8;14
1582;10.8;14
1583;10.8;14
1584;10.8;14
1585;10.8;14
1586;10.8;14
1587;10.8;14
1588;10.8;14
1589;10.8;14
1590;10.8;14
1591;10.8;14
1592;10.8;14
1593;10.8;14
1594;10.8;14
1595;10.8;14
1596;10.8;14
1597;10.8;14
1598;10.8;14
1599;10.8;14
1600;10.8;14
1601;10.8;14
1602;10.8;14
1603;10.8;14
1604;10.8;14
1605;10.8;14
1606;10.8;14
1607;10.8;14
1608;10.8;14
1609;10.8;14
1610;10.9;14
1611;10.9;14
1612;10.9;14
1613;10.9;14
1614;10.9;14
1615;10.9;14
1616;10.9;14
1617;10.9;14
1618;10.9;14
1619;10.9;14
1620;10.9;14
1621;10.9;14
1622;10.9;14
1623;10.9;14
1624;10.9;14
1625;10.9;14
1626;10.9;14
1627;10.9;14
1628;10.9;14
1629;10.9;14
1630;10.9;14
1631;10.9;14
1632;10.9;14
1633;10.9;14
1634;10.9;14
1635;10.9;14
1636;10.9;14
1637;10.9;14
1638;10.9;14
1639;10.9;14
1640;10.9;14
1641;10.9;14
1642;10.9;14
1643;10.9;14
1644;10.9;14
1645;10.9;14
1646;10.9;14
1647;10.9;14
1648;10.9;14
1649;10.9;14
1650;10.9;14
1651;10.9;14
1652;10.9;14
1653;10.9;14
1654;10.9;14
1655;10.9;14
1656;10.9;14
1657;10.9;14
1658;10.9;14
1659;10.9;14
1660;10.9;14
1661;10.9;14
1662;10.9;14
1663;10.9;14
1664;10.9;14
1665;10.9;14
1666;10.9;14
1667;10.9;14
1668;10.9;14
1669;10.9;14
1670;10.9;14
1671;10.9;14
1672;10.9;14
1673;10.9;14
1674;10.9;14
1675;10.9;14
1676;10.9;14
1677;10.9;14
1678;10.9;14
1679;10.9;14
1680;10.9;14
1681;10.9;14
1682;10.9;14
1683;10.9;14
1684;10.9;14
1685;10.9;14
1686;10.9;14
1687;10.9;14
1688;10.9;14
1689;10.9;14
1690;10.9;14
1691;10.9;14
1692;10.9;14
1693;10.9;14
1694;10.9;14
1695;10.9;14
1696;10.9;14
1697;10.9;14
1698;10.9;14
1699;10.9;14
1700;10.9;14
1701;10.9;14
1702;10.9;14
1703;10.9;14
1704;10.9;14
1705;10.9;14
1706;10.9;14
1707;10.9;14
1708;10.9;14
1709;10.9;14
1710;10.9;14
1711;10.9;14
1712;10.9;14
1713;10.9;14
1714;10.9;14
1715;10.9;14
1716;10.9;14
1717;10.9;14
1718;10.9;14
1719;10.9;14
1720;10.9;14
1721;10.9;14
1722;10.9;14
1723;10.9;14
1724;10.9;14
1725;10.9;14
1726;10.9;14
1727;10.9;14
1728;10.9;14
1729;10.9;14
1730;10.9;14
1731;10.9;14
1732;10.9;14
1733;10.9;14
1734;10.9;14
1735;10.9;14
1736;10.9;14
1737;10.9;14
1738;10.9;14
1739;10.9;14
1740;10.9;14
1741;10.9;14
1742;10.9;14
1743;10.9;14
1744;10.9;14
1745;10.9;14
1746;10.9;14
1747;10.9;14
1748;10.9;14
1749;10.9;14
1750;10.9;14
1751;10.9;14
1752;10.9;14
1753;10.9;14
1754;10.9;14
1755;10.9;14
1756;10.9;14
1757;10.9;14
1758;10.9;14
1759;10.9;14
1760;10.9;14
1761;10.9;14.1
1762;10.9;14.1
1763;10.9;14.1
1764;10.9;14.1
1765;10.9;14.1
1766;10.9;14.1
1767;10.9;14.1
1768;10.9;14.1
1769;10.9;14.1
1770;10.9;14.1
1771;10.9;14.1
1772;10.9;14.1
1773;10.9;14.1
1774;10.9;14.1
1775;10.9;14.1
1776;10.9;14.1
1777;10.9;14.1
1778;10.9;14.1
1779;10.9;14.1
1780;10.9;14.1
1781;10.9;14.1
1782;10.9;14.1
1783;10.9;14.1
1784;10.9;14.1
1785;10.9;14.1
1786;10.9;14.1
1787;10.9;14.1
1788;10.9;14.1
1789;10.9;14.1
1790;10.9;14.1
1791;10.9;14.1
1792;10.9;14.1
1793;10.9;14.1
1794;10.9;14.1
1795;10.9;14.1
1796;10.9;14.1
1797;10.9;14.1
1798;10.9;14.1
1799;10.9;14.1
1800;10.9;14.1
1801;10.9;14.1
1802;10.9;14.1
1803;10.9;14.1
1804;10.9;14.1
1805;10.9;14.1
1806;10.9;14.1
1807;10.9;14.1
1808;10.9;14.1
1809;10.9;14.1
1810;11;14.1
1811;11;14.1
1812;11;14.1
1813;11;14.1
1814;11;14.1
1815;11;14.1
1816;11;14.1
1817;11;14.1
1818;11;14.1
1819;11;14.1
1820;11;14.1
1821;11;14.1
1822;11;14.1
1823;11;14.1
1824;11;14.1
1825;11;14.1
1826;11;14.1
1827;11;14.1
1828;11;14.1
1829;11;14.1
1830;11;14.1
1831;11;14.1
1832;11;14.1
1833;11;14.1
1834;11;14.1
1835;11;14.1
1836;11;14.1
1837;11;14.1
1838;11;14.1
1839;11;14.1
1840;11;14.1
1841;11;14.1
1842;11;14.1
1843;11;14.1
1844;11;14.1
1845;11;14.1
1846;11;14.1
1847;11;14.1
1848;11;14.1
1849;11;14.1
1850;11;14.1
1851;11;14.1
1852;11;14.1
1853;11;14.1
1854;11;14.1
1855;11;14.1
1856;11;14.1
1857;11;14.1
1858;11;14.1
1859;11;14.1
1860;11;14.1
1861;11;14.1
1862;11;14.1
1863;11;14.1
1864;11;14.1
1865;11;14.1
1866;11;14.1
1867;11;14.1
1868;11;14.1
1869;11;14.1
1870;11;14.1
1871;11;14.1
1872;11;14.1
1873;11;14.1
1874;11;14.1
1875;11;14.1
1876;11;14.1
1877;11;14.1
1878;11;14.1
1879;11;14.1
1880;11;14.1
1881;11;14.1
1882;11;14.1
1883;11;14.1
1884;11;14.1
1885;11;14.1
1886;11;14.1
1887;11;14.1
1888;11;14.1
1889;11;14.1
1890;11;14.1
1891;11;14.1
1892;11;14.1
1893;11;14.1
1894;11;14.1
1895;11;14.1
1896;11;14.1
1897;11;14.1
1898;11;14.1
1899;11;14.1
1900;11;14.1
1901;11;14.1
1902;11;14.1
1903;11;14.1
1904;11;14.1
1905;11;14.1
1906;11;14.1
1907;11;14.1
1908;11;14.1
1909;11;14.1
1910;11;14.1
1911;11;14.1
1912;11;14.1
1913;11;14.1
1914;11;14.1
1915;11;14.1
1916;11;14.1
1917;11;14.1
1918;11;14.1
1919;11;14.1
1920;11;14.1
1921;11;14.1
1922;11;14.1
1923;11;14.1
1924;11;14.1
1925;11;14.1
1926;11;14.1
1927;11;14.1
1928;11;14.1
1929;11;14.1
1930;11;14.1
1931;11;14.1
1932;11;14.1
1933;11;14.1
1934;11;14.1
1935;11;14.1
1936;11;14.1
1937;11;14.1
1938;11;14.1
1939;11;14.1
1940;11;14.1
1941;11;14.1
1942;11;14.1
1943;11;14.1
1944;11;14.1
1945;11;14.1
1946;11;14.1
1947;11;14.1
1948;11;14.1
1949;11;14.1
1950;11;14.1
1951;11;14.1
1952;11;14.1
1953;11;14.1
1954;11;14.1
1955;11;14.1
1956;11;14.1
1957;11;14.1
1958;11;14.1
1959;11;14.1
1960;11;14.1
1961;11;14.1
1962;11;14.1
1963;11;14.1
1964;11;14.1
1965;11;14.1
1966;11;14.1
1967;11;14.1
1968;11;14.1
1969;11;14.1
1970;11;14.1
1971;11;14.1
1972;11;14.1
1973;11;14.1
1974;11;14.1
1975;11;14.1
1976;11;14.1
1977;11;14.1
1978;11;14.1
1979;11;14.1
1980;11;14.1
1981;11;14.1
1982;11;14.1
1983;11;14.1
1984;11;14.2
1985;11;14.2
1986;11;14.2
1987;11;14.2
1988;11;14.2
1989;11;14.2
1990;11;14.2
1991;11;14.2
1992;11;14.2
1993;11;14.2
1994;11;14.2
1995;11;14.2
1996;11;14.2
1997;11;14.2
1998;11;14.2
1999;11;14.2
2000;11;14.2
2001;11;14.2
2002;11;14.2
2003;11;14.2
2004;11;14.2
2005;11;14.2
2006;11;14.2
2007;11;14.2
2008;11;14.2
2009;11;14.2
2010;11;14.2
2011;11;14.2
2012;11;14.2
2013;11;14.2
2014;11;14.2
2015;11;14.2
2016;11;14.2
2017;11;14.2
2018;11;14.2
2019;11;14.2
2020;11;14.2
2021;11;14.2
2022;11;14.2
2023;11;14.2
2024;11;14.2
2025;11.1;14.2
2026;11.1;14.2
2027;11.1;14.2
2028;11.1;14.2
2029;11.1;14.2
2030;11.1;14.2
2031;11.1;14.2
2032;11.1;14.2
2033;11.1;14.2
2034;11.1;14.2
2035;11.1;14.2
2036;11.1;14.2
2037;11.1;14.2
2038;11.1;14.2
2039;11.1;14.2
2040;11.1;14.2
2041;11.1;14.2
2042;11.1;14.2
2043;11.1;14.2
2044;11.1;14.2
2045;11.1;14.2
2046;11.1;14.2
2047;11.1;14.2
2048;11.1;14.2
2049;11.1;14.2
2050;11.1;14.2
2051;11.1;14.2
2052;11.1;14.2
2053;11.1;14.2
2054;11.1;14.2
2055;11.1;14.2
2056;11.1;14.2
2057;11.1;14.2
2058;11.1;14.2
2059;11.1;14.2
2060;11.1;14.2
2061;11.1;14.2
2062;11.1;14.2
2063;11.1;14.2
2064;11.1;14.2
2065;11.1;14.2
2066;11.1;14.2
2067;11.1;14.2
2068;11.1;14.2
2069;11.1;14.2
2070;11.1;14.2
2071;11.1;14.2
2072;11.1;14.2
2073;11.1;14.2
2074;11.1;14.2
2075;11.1;14.2
2076;11.1;14.2
2077;11.1;14.2
2078;11.1;14.2
2079;11.1;14.2
2080;11.1;14.2
2081;11.1;14.2
2082;11.1;14.2
2083;11.1;14.2
2084;11.1;14.2
2085;11.1;14.2
2086;11.1;14.2
2087;11.1;14.2
2088;11.1;14.2
2089;11.1;14.2
2090;11.1;14.2
2091;11.1;14.2
2092;11.1;14.2
2093;11.1;14.2
2094;11.1;14.2
2095;11.1;14.2
2096;11.1;14.2
2097;11.1;14.2
2098;11.1;14.2
2099;11.1;14.2
2100;11.1;14.2
2101;11.1;14.2
2102;11.1;14.2
2103;11.1;14.2
2104;11.1;14.2
2105;11.1;14.2
2106;11.1;14.2
2107;11.1;14.2
2108;11.1;14.2
2109;11.1;14.2
2110;11.1;14.2
2111;11.1;14.2
2112;11.1;14.2
2113;11.1;14.2
2114;11.1;14.2
2115;11.1;14.2
2116;11.1;14.2
2117;11.1;14.2
2118;11.1;14.2
2119;11.1;14.2
2120;11.1;14.2
2121;11.1;14.2
2122;11.1;14.2
2123;11.1;14.2
2124;11.1;14.2
2125;11.1;14.2
2126;11.1;14.2
2127;11.1;14.2
2128;11.1;14.2
2129;11.1;14.2
2130;11.1;14.2
2131;11.1;14.2
2132;11.1;14.2
2133;11.1;14.2
2134;11.1;14.2
2135;11.1;14.2
2136;11.1;14.2
2137;11.1;14.2
2138;11.1;14.2
2139;11.1;14.2
2140;11.1;14.2
2141;11.1;14.2
2142;11.1;14.2
2143;11.1;14.2
2144;11.1;14.2
2145;11.1;14.2
2146;11.1;14.2
2147;11.1;14.2
2148;11.1;14.2
2149;11.1;14.2
2150;11.1;14.2
2151;11.1;14.2
2152;11.1;14.2
2153;11.1;14.2
2154;11.1;14.2
2155;11.1;14.2
2156;11.1;14.2
2157;11.1;14.2
2158;11.1;14.2
2159;11.1;14.2
2160;11.1;14.2
2161;11.1;14.2
2162;11.1;14.2
2163;11.1;14.2
2164;11.1;14.2
2165;11.1;14.2
2166;11.1;14.2
2167;11.1;14.2
2168;11.1;14.2
2169;11.1;14.2
2170;11.1;14.2
2171;11.1;14.2
2172;11.1;14.2
2173;11.1;14.2
2174;11.1;14.2
2175;11.1;14.2
2176;11.1;14.2
2177;11.1;14.2
2178;11.1;14.2
2179;11.1;14.2
2180;11.1;14.2
2181;11.1;14.2
2182;11.1;14.2
2183;11.1;14.2
2184;11.1;14.2
2185;11.1;14.2
2186;11.1;14.2
2187;11.1;14.2
2188;11.1;14.2
2189;11.1;14.2
2190;11.1;14.2
2191;11.1;14.2
2192;11.1;14.2
2193;11.1;14.2
2194;11.1;14.2
2195;11.1;14.2
2196;11.1;14.2
2197;11.1;14.2
2198;11.1;14.2
2199;11.1;14.2
2200;11.1;14.2
2201;11.1;14.2
2202;11.1;14.3
2203;11.1;14.3
2204;11.1;14.3
2205;11.1;14.3
2206;11.1;14.3
2207;11.1;14.3
2208;11.1;14.3
2209;11.1;14.3
2210;11.1;14.3
2211;11.1;14.3
2212;11.1;14.3
2213;11.1;14.3
2214;11.1;14.3
2215;11.1;14.3
2216;11.1;14.3
2217;11.1;14.3
2218;11.1;14.3
2219;11.1;14.3
2220;11.1;14.3
2221;11.1;14.3
2222;11.1;14.3
2223;11.1;14.3
2224;11.1;14.3
2225;11.1;14.3
2226;11.1;14.3
2227;11.1;14.3
2228;11.1;14.3
2229;11.1;14.3
2230;11.1;14.3
2231;11.1;14.3
2232;11.1;14.3
2233;11.1;14.3
2234;11.1;14.3
2235;11.1;14.3
2236;11.1;14.3
2237;11.1;14.3
2238;11.1;14.3
2239;11.1;14.3
2240;11.1;14.3
2241;11.1;14.3
2242;11.1;14.3
2243;11.1;14.3
2244;11.1;14.3
2245;11.1;14.3
2246;11.1;14.3
2247;11.1;14.3
2248;11.1;14.3
2249;11.1;14.3
2250;11.1;14.3
2251;11.1;14.3
2252;11.1;14.3
2253;11.1;14.3
2254;11.1;14.3
2255;11.1;14.3
2256;11.1;14.3
2257;11.1;14.3
2258;11.1;14.3
2259;11.2;14.3
2260;11.2;14.3
2261;11.2;14.3
2262;11.2;14.3
2263;11.2;14.3
2264;11.2;14.3
2265;11.2;14.3
2266;11.2;14.3
2267;11.2;14.3
2268;11.2;14.3
2269;11.2;14.3
2270;11.2;14.3
2271;11.2;14.3
2272;11.2;14.3
2273;11.2;14.3
2274;11.2;14.3
2275;11.2;14.3
2276;11.2;14.3
2277;11.2;14.3
2278;11.2;14.3
2279;11.2;14.3
2280;11.2;14.3
2281;11.2;14.3
2282;11.2;14.3
2283;11.2;14.3
2284;11.2;14.3
2285;11.2;14.3
2286;11.2;14.3
2287;11.2;14.3
2288;11.2;14.3
2289;11.2;14.3
2290;11.2;14.3
2291;11.2;14.3
2292;11.2;14.3
2293;11.2;14.3
2294;11.2;14.3
2295;11.2;14.3
2296;11.2;14.3
2297;11.2;14.3
2298;11.2;14.3
2299;11.2;14.3
2300;11.2;14.3
2301;11.2;14.3
2302;11.2;14.3
2303;11.2;14.3
2304;11.2;14.3
2305;11.2;14.3
2306;11.2;14.3
2307;11.2;14.3
2308;11.2;14.3
2309;11.2;14.3
2310;11.2;14.3
2311;11.2;14.3
2312;11.2;14.3
2313;11.2;14.3
2314;11.2;14.3
2315;11.2;14.3
2316;11.2;14.3
2317;11.2;14.3
2318;11.2;14.3
2319;11.2;14.3
2320;11.2;14.3
2321;11.2;14.3
2322;11.2;14.3
2323;11.2;14.3
2324;11.2;14.3
2325;11.2;14.3
2326;11.2;14.3
2327;11.2;14.3
2328;11.2;14.3
2329;11.2;14.3
2330;11.2;14.3
2331;11.2;14.3
2332;11.2;14.3
2333;11.2;14.3
2334;11.2;14.3
2335;11.2;14.3
2336;11.2;14.3
2337;11.2;14.3
2338;11.2;14.3
2339;11.2;14.3
2340;11.2;14.3
2341;11.2;14.3
2342;11.2;14.3
2343;11.2;14.3
2344;11.2;14.3
2345;11.2;14.3
2346;11.2;14.3
2347;11.2;14.3
2348;11.2;14.3
2349;11.2;14.3
2350;11.2;14.3
2351;11.2;14.3
2352;11.2;14.3
2353;11.2;14.3
2354;11.2;14.3
2355;11.2;14.3
2356;11.2;14.3
2357;11.2;14.3
2358;11.2;14.3
2359;11.2;14.3
2360;11.2;14.3
2361;11.2;14.3
2362;11.2;14.3
2363;11.2;14.3
2364;11.2;14.3
2365;11.2;14.3
2366;11.2;14.3
2367;11.2;14.3
2368;11.2;14.3
2369;11.2;14.3
2370;11.2;14.3
2371;11.2;14.3
2372;11.2;14.3
2373;11.2;14.3
2374;11.2;14.3
2375;11.2;14.3
2376;11.2;14.3
2377;11.2;14.3
2378;11.2;14.3
2379;11.2;14.3
2380;11.2;14.3
2381;11.2;14.3
2382;11.2;14.3
2383;11.2;14.3
2384;11.2;14.3
2385;11.2;14.3
2386;11.2;14.3
2387;11.2;14.3
2388;11.2;14.3
2389;11.2;14.3
2390;11.2;14.3
2391;11.2;14.3
2392;11.2;14.3
2393;11.2;14.3
2394;11.2;14.3
2395;11.2;14.3
2396;11.2;14.3
2397;11.2;14.3
2398;11.2;14.3
2399;11.2;14.3
2400;11.2;14.3
2401;11.2;14.3
2402;11.2;14.3
2403;11.2;14.3
2404;11.2;14.3
2405;11.2;14.3
2406;11.2;14.3
2407;11.2;14.3
2408;11.2;14.3
2409;11.2;14.3
2410;11.2;14.3
2411;11.2;14.3
2412;11.2;14.3
2413;11.2;14.3
2414;11.2;14.3
2415;11.2;14.3
2416;11.2;14.3
2417;11.2;14.3
2418;11.2;14.4
2419;11.2;14.4
2420;11.2;14.4
2421;11.2;14.4
2422;11.2;14.4
2423;11.2;14.4
2424;11.2;14.4
2425;11.2;14.4
2426;11.2;14.4
2427;11.2;14.4
2428;11.2;14.4
2429;11.2;14.4
2430;11.2;14.4
2431;11.2;14.4
2432;11.2;14.4
2433;11.2;14.4
2434;11.2;14.4
2435;11.2;14.4
2436;11.2;14.4
2437;11.2;14.4
2438;11.2;14.4
2439;11.2;14.4
2440;11.2;14.4
2441;11.2;14.4
2442;11.2;14.4
2443;11.2;14.4
2444;11.2;14.4
2445;11.2;14.4
2446;11.2;14.4
2447;11.2;14.4
2448;11.2;14.4
2449;11.2;14.4
2450;11.2;14.4
2451;11.2;14.4
2452;11.2;14.4
2453;11.2;14.4
2454;11.2;14.4
2455;11.2;14.4
2456;11.2;14.4
2457;11.2;14.4
2458;11.2;14.4
2459;11.2;14.4
2460;11.2;14.4
2461;11.2;14.4
2462;11.2;14.4
2463;11.2;14.4
2464;11.2;14.4
2465;11.2;14.4
2466;11.2;14.4
2467;11.2;14.4
2468;11.2;14.4
2469;11.2;14.4
2470;11.2;14.4
2471;11.2;14.4
2472;11.2;14.4
2473;11.2;14.4
2474;11.2;14.4
2475;11.2;14.4
2476;11.2;14.4
2477;11.2;14.4
2478;11.2;14.4
2479;11.2;14.4
2480;11.2;14.4
2481;11.2;14.4
2482;11.2;14.4
2483;11.2;14.4
2484;11.2;14.4
2485;11.2;14.4
2486;11.2;14.4
2487;11.2;14.4
2488;11.2;14.4
2489;11.2;14.4
2490;11.2;14.4
2491;11.2;14.4
2492;11.2;14.4
2493;11.2;14.4
2494;11.2;14.4
2495;11.2;14.4
2496;11.2;14.4
2497;11.2;14.4
2498;11.2;14.4
2499;11.2;14.4
2500;11.2;14.4
2501;11.2;14.4
2502;11.2;14.4
2503;11.2;14.4
2504;11.2;14.4
2505;11.2;14.4
2506;11.2;14.4
2507;11.2;14.4
2508;11.2;14.4
2509;11.2;14.4
2510;11.2;14.4
2511;11.2;14.4
2512;11.2;14.4
2513;11.3;14.4
2514;11.3;14.4
2515;11.3;14.4
2516;11.3;14.4
2517;11.3;14.4
2518;11.3;14.4
2519;11.3;14.4
2520;11.3;14.4
2521;11.3;14.4
2522;11.3;14.4
2523;11.3;14.4
2524;11.3;14.4
2525;11.3;14.4
2526;11.3;14.4
2527;11.3;14.4
2528;11.3;14.4
2529;11.3;14.4
2530;11.3;14.4
2531;11.3;14.4
2532;11.3;14.4
2533;11.3;14.4
2534;11.3;14.4
2535;11.3;14.4
2536;11.3;14.4
2537;11.3;14.4
2538;11.3;14.4
2539;11.3;14.4
2540;11.3;14.4
2541;11.3;14.4
2542;11.3;14.4
2543;11.3;14.4
2544;11.3;14.4
2545;11.3;14.4
2546;11.3;14.4
2547;11.3;14.4
2548;11.3;14.4
2549;11.3;14.4
2550;11.3;14.4
2551;11.3;14.4
2552;11.3;14.4
2553;11.3;14.4
2554;11.3;14.4
2555;11.3;14.4
2556;11.3;14.4
2557;11.3;14.4
2558;11.3;14.4
2559;11.3;14.4
2560;11.3;14.4
2561;11.3;14.4
2562;11.3;14.4
2563;11.3;14.4
2564;11.3;14.4
2565;11.3;14.4
2566;11.3;14.4
2567;11.3;14.4
2568;11.3;14.4
2569;11.3;14.4
2570;11.3;14.4
2571;11.3;14.4
2572;11.3;14.4
2573;11.3;14.4
2574;11.3;14.4
2575;11.3;14.4
2576;11.3;14.4
2577;11.3;14.4
2578;11.3;14.4
2579;11.3;14.4
2580;11.3;14.4
2581;11.3;14.4
2582;11.3;14.4
2583;11.3;14.4
2584;11.3;14.4
2585;11.3;14.4
2586;11.3;14.4
2587;11.3;14.4
2588;11.3;14.4
2589;11.3;14.4
2590;11.3;14.4
2591;11.3;14.4
2592;11.3;14.4
2593;11.3;14.4
2594;11.3;14.4
2595;11.3;14.4
2596;11.3;14.4
2597;11.3;14.4
2598;11.3;14.4
2599;11.3;14.4
2600;11.3;14.4
2601;11.3;14.4
2602;11.3;14.4
2603;11.3;14.4
2604;11.3;14.4
2605;11.3;14.4
2606;11.3;14.4
2607;11.3;14.4
2608;11.3;14.4
2609;11.3;14.4
2610;11.3;14.4
2611;11.3;14.4
2612;11.3;14.4
2613;11.3;14.4
2614;11.3;14.4
2615;11.3;14.4
2616;11.3;14.4
2617;11.3;14.4
2618;11.3;14.4
2619;11.3;14.4
2620;11.3;14.4
2621;11.3;14.4
2622;11.3;14.4
2623;11.3;14.4
2624;11.3;14.4
2625;11.3;14.4
2626;11.3;14.4
2627;11.3;14.4
2628;11.3;14.4
2629;11.3;14.4
2630;11.3;14.4
2631;11.3;14.4
2632;11.3;14.4
2633;11.3;14.4
2634;11.3;14.4
2635;11.3;14.4
2636;11.3;14.5
2637;11.3;14.5
2638;11.3;14.5
2639;11.3;14.5
2640;11.3;14.5
2641;11.3;14.5
2642;11.3;14.5
2643;11.3;14.5
2644;11.3;14.5
2645;11.3;14.5
2646;11.3;14.5
2647;11.3;14.5
2648;11.3;14.5
2649;11.3;14.5
2650;11.3;14.5
2651;11.3;14.5
2652;11.3;14.5
2653;11.3;14.5
2654;11.3;14.5
2655;11.3;14.5
2656;11.3;14.5
2657;11.3;14.5
2658;11.3;14.5
2659;11.3;14.5
2660;11.3;14.5
2661;11.3;14.5
2662;11.3;14.5
2663;11.3;14.5
2664;11.3;14.5
2665;11.3;14.5
2666;11.3;14.5
2667;11.3;14.5
2668;11.3;14.5
2669;11.3;14.5
2670;11.3;14.5
2671;11.3;14.5
2672;11.3;14.5
2673;11.3;14.5
2674;11.3;14.5
2675;11.3;14.5
2676;11.3;14.5
2677;11.3;14.5
2678;11.3;14.5
2679;11.3;14.5
2680;11.3;14.5
2681;11.3;14.5
2682;11.3;14.5
2683;11.3;14.5
2684;11.3;14.5
2685;11.3;14.5
2686;11.3;14.5
2687;11.3;14.5
2688;11.3;14.5
2689;11.3;14.5
2690;11.3;14.5
2691;11.3;14.5
2692;11.3;14.5
2693;11.3;14.5
2694;11.3;14.5
2695;11.3;14.5
2696;11.3;14.5
2697;11.3;14.5
2698;11.3;14.5
2699;11.3;14.5
2700;11.3;14.5
2701;11.3;14.5
2702;11.3;14.5
2703;11.3;14.5
2704;11.3;14.5
2705;11.3;14.5
2706;11.3;14.5
2707;11.3;14.5
2708;11.3;14.5
2709;11.3;14.5
2710;11.3;14.5
2711;11.3;14.5
2712;11.3;14.5
2713;11.3;14.5
2714;11.3;14.5
2715;11.3;14.5
2716;11.3;14.5
2717;11.3;14.5
2718;11.3;14.5
2719;11.3;14.5
2720;11.3;14.5
2721;11.3;14.5
2722;11.3;14.5
2723;11.3;14.5
2724;11.3;14.5
2725;11.3;14.5
2726;11.3;14.5
2727;11.3;14.5
2728;11.3;14.5
2729;11.3;14.5
2730;11.3;14.5
2731;11.3;14.5
2732;11.3;14.5
2733;11.3;14.5
2734;11.3;14.5
2735;11.3;14.5
2736;11.3;14.5
2737;11.3;14.5
2738;11.3;14.5
2739;11.3;14.5
2740;11.3;14.5
2741;11.3;14.5
2742;11.3;14.5
2743;11.3;14.5
2744;11.3;14.5
2745;11.3;14.5
2746;11.3;14.5
2747;11.3;14.5
2748;11.3;14.5
2749;11.3;14.5
2750;11.3;14.5
2751;11.3;14.5
2752;11.3;14.5
2753;11.3;14.5
2754;11.3;14.5
2755;11.3;14.5
2756;11.3;14.5
2757;11.3;14.5
2758;11.3;14.5
2759;11.3;14.5
2760;11.3;14.5
2761;11.3;14.5
2762;11.3;14.5
2763;11.3;14.5
2764;11.3;14.5
2765;11.3;14.5
2766;11.3;14.5
2767;11.3;14.5
2768;11.3;14.5
2769;11.3;14.5
2770;11.3;14.5
2771;11.3;14.5
2772;11.3;14.5
2773;11.3;14.5
2774;11.3;14.5
2775;11.3;14.5
2776;11.3;14.5
2777;11.3;14.5
2778;11.3;14.5
2779;11.3;14.5
2780;11.3;14.5
2781;11.3;14.5
2782;11.3;14.5
2783;11.3;14.5
2784;11.3;14.5
2785;11.3;14.5
2786;11.3;14.5
2787;11.3;14.5
2788;11.3;14.5
2789;11.3;14.5
2790;11.3;14.5
2791;11.3;14.5
2792;11.3;14.5
2793;11.3;14.5
2794;11.4;14.5
2795;11.4;14.5
2796;11.4;14.5
2797;11.4;14.5
2798;11.4;14.5
2799;11.4;14.5
2800;11.4;14.5
2801;11.4;14.5
2802;11.4;14.5
2803;11.4;14.5
2804;11.4;14.5
2805;11.4;14.5
2806;11.4;14.5
2807;11.4;14.5
2808;11.4;14.5
2809;11.4;14.5
2810;11.4;14.5
2811;11.4;14.5
2812;11.4;14.5
2813;11.4;14.5
2814;11.4;14.5
2815;11.4;14.5
2816;11.4;14.5
2817;11.4;14.5
2818;11.4;14.5
2819;11.4;14.5
2820;11.4;14.5
2821;11.4;14.5
2822;11.4;14.5
2823;11.4;14.5
2824;11.4;14.5
2825;11.4;14.5
2826;11.4;14.5
2827;11.4;14.5
2828;11.4;14.5
2829;11.4;14.5
2830;11.4;14.5
2831;11.4;14.5
2832;11.4;14.5
2833;11.4;14.5
2834;11.4;14.5
2835;11.4;14.5
2836;11.4;14.5
2837;11.4;14.5
2838;11.4;14.5
2839;11.4;14.5
2840;11.4;14.5
2841;11.4;14.5
2842;11.4;14.5
2843;11.4;14.5
2844;11.4;14.5
2845;11.4;14.5
2846;11.4;14.5
2847;11.4;14.5
2848;11.4;14.5
2849;11.4;14.5
2850;11.4;14.5
2851;11.4;14.5
2852;11.4;14.5
2853;11.4;14.5
2854;11.4;14.5
2855;11.4;14.5
2856;11.4;14.5
2857;11.4;14.5
2858;11.4;14.6
2859;11.4;14.6
2860;11.4;14.6
2861;11.4;14.6
2862;11.4;14.6
2863;11.4;14.6
2864;11.4;14.6
2865;11.4;14.6
2866;11.4;14.6
2867;11.4;14.6
2868;11.4;14.6
2869;11.4;14.6
2870;11.4;14.6
2871;11.4;14.6
2872;11.4;14.6
2873;11.4;14.6
2874;11.4;14.6
2875;11.4;14.6
2876;11.4;14.6
2877;11.4;14.6
2878;11.4;14.6
2879;11.4;14.6
2880;11.4;14.6
2881;11.4;14.6
2882;11.4;14.6
2883;11.4;14.6
2884;11.4;14.6
2885;11.4;14.6
2886;11.4;14.6
2887;11.4;14.6
2888;11.4;14.6
2889;11.4;14.6
2890;11.4;14.6
2891;11.4;14.6
2892;11.4;14.6
2893;11.4;14.6
2894;11.4;14.6
2895;11.4;14.6
2896;11.4;14.6
2897;11.4;14.6
2898;11.4;14.6
2899;11.4;14.6
2900;11.4;14.6
2901;11.4;14.6
2902;11.4;14.6
2903;11.4;14.6
2904;11.4;14.6
2905;11.4;14.6
2906;11.4;14.6
2907;11.4;14.6
2908;11.4;14.6
2909;11.4;14.6
2910;11.4;14.6
2911;11.4;14.6
2912;11.4;14.6
2913;11.4;14.6
2914;11.4;14.6
2915;11.4;14.6
2916;11.4;14.6
2917;11.4;14.6
2918;11.4;14.6
2919;11.4;14.6
2920;11.4;14.6
2921;11.4;14.6
2922;11.4;14.6
2923;11.4;14.6
2924;11.4;14.6
2925;11.4;14.6
2926;11.4;14.6
2927;11.4;14.6
2928;11.4;14.6
2929;11.4;14.6
2930;11.4;14.6
2931;11.4;14.6
2932;11.4;14.6
2933;11.4;14.6
2934;11.4;14.6
2935;11.4;14.6
2936;11.4;14.6
2937;11.4;14.6
2938;11.4;14.6
2939;11.4;14.6
2940;11.4;14.6
2941;11.4;14.6
2942;11.4;14.6
2943;11.4;14.6
2944;11.4;14.6
2945;11.4;14.6
2946;11.4;14.6
2947;11.4;14.6
2948;11.4;14.6
2949;11.4;14.6
2950;11.4;14.6
2951;11.4;14.6
2952;11.4;14.6
2953;11.4;14.6
2954;11.4;14.6
2955;11.4;14.6
2956;11.4;14.6
2957;11.4;14.6
2958;11.4;14.6
2959;11.4;14.6
2960;11.4;14.6
2961;11.4;14.6
2962;11.4;14.6
2963;11.4;14.6
2964;11.4;14.6
2965;11.4;14.6
2966;11.4;14.6
2967;11.4;14.6
2968;11.4;14.6
2969;11.4;14.6
2970;11.4;14.6
2971;11.4;14.6
2972;11.4;14.6
2973;11.4;14.6
2974;11.4;14.6
2975;11.4;14.6
2976;11.4;14.6
2977;11.4;14.6
2978;11.4;14.6
2979;11.4;14.6
2980;11.4;14.6
2981;11.4;14.6
2982;11.4;14.6
2983;11.4;14.6
2984;11.4;14.6
2985;11.4;14.6
2986;11.4;14.6
2987;11.4;14.6
2988;11.4;14.6
2989;11.4;14.6
2990;11.4;14.6
2991;11.4;14.6
2992;11.4;14.6
2993;11.4;14.6
2994;11.4;14.6
2995;11.4;14.6
2996;11.4;14.6
2997;11.4;14.6
2998;11.4;14.6
2999;11.4;14.6
3000;11.4;14.6
3001;11.4;14.6
3002;11.4;14.6
3003;11.4;14.6
3004;11.4;14.6
3005;11.4;14.6
3006;11.4;14.6
3007;11.4;14.6
3008;11.4;14.6
3009;11.4;14.6
3010;11.4;14.6
3011;11.4;14.6
3012;11.4;14.6
3013;11.4;14.6
3014;11.4;14.6
3015;11.4;14.6
3016;11.4;14.6
3017;11.4;14.6
3018;11.4;14.6
3019;11.4;14.6
3020;11.4;14.6
3021;11.4;14.6
3022;11.4;14.6
3023;11.4;14.6
3024;11.4;14.6
3025;11.4;14.6
3026;11.4;14.6
3027;11.4;14.6
3028;11.4;14.6
3029;11.4;14.6
3030;11.4;14.6
3031;11.4;14.6
3032;11.4;14.6
3033;11.4;14.6
3034;11.4;14.6
3035;11.4;14.6
3036;11.4;14.6
3037;11.4;14.6
3038;11.4;14.6
3039;11.4;14.6
3040;11.4;14.6
3041;11.4;14.6
3042;11.4;14.6
3043;11.4;14.6
3044;11.4;14.6
3045;11.4;14.6
3046;11.4;14.6
3047;11.4;14.6
3048;11.4;14.6
3049;11.4;14.6
3050;11.4;14.6
3051;11.4;14.6
3052;11.4;14.6
3053;11.4;14.6
3054;11.4;14.6
3055;11.4;14.6
3056;11.4;14.6
3057;11.4;14.6
3058;11.4;14.6
3059;11.4;14.6
3060;11.4;14.6
3061;11.4;14.6
3062;11.4;14.6
3063;11.4;14.6
3064;11.4;14.6
3065;11.4;14.6
3066;11.4;14.6
3067;11.4;14.6
3068;11.4;14.6
3069;11.4;14.6
3070;11.4;14.6
3071;11.4;14.6
3072;11.4;14.6
3073;11.4;14.6
3074;11.4;14.6
3075;11.4;14.6
3076;11.4;14.6
3077;11.4;14.6
3078;11.4;14.6
3079;11.4;14.7
3080;11.4;14.7
3081;11.4;14.7
3082;11.4;14.7
3083;11.4;14.7
3084;11.4;14.7
3085;11.4;14.7
3086;11.4;14.7
3087;11.4;14.7
3088;11.4;14.7
3089;11.4;14.7
3090;11.4;14.7
3091;11.4;14.7
3092;11.4;14.7
3093;11.4;14.7
3094;11.4;14.7
3095;11.4;14.7
3096;11.4;14.7
3097;11.4;14.7
3098;11.4;14.7
3099;11.4;14.7
3100;11.4;14.7
3101;11.4;14.7
3102;11.4;14.7
3103;11.4;14.7
3104;11.4;14.7
3105;11.4;14.7
3106;11.4;14.7
3107;11.4;14.7
3108;11.4;14.7
3109;11.5;14.7
3110;11.5;14.7
3111;11.5;14.7
3112;11.5;14.7
3113;11.5;14.7
3114;11.5;14.7
3115;11.5;14.7
3116;11.5;14.7
3117;11.5;14.7
3118;11.5;14.7
3119;11.5;14.7
3120;11.5;14.7
3121;11.5;14.7
3122;11.5;14.7
3123;11.5;14.7
3124;11.5;14.7
3125;11.5;14.7
3126;11.5;14.7
3127;11.5;14.7
3128;11.5;14.7
3129;11.5;14.7
3130;11.5;14.7
3131;11.5;14.7
3132;11.5;14.7
3133;11.5;14.7
3134;11.5;14.7
3135;11.5;14.7
3136;11.5;14.7
3137;11.5;14.7
3138;11.5;14.7
3139;11.5;14.7
3140;11.5;14.7
3141;11.5;14.7
3142;11.5;14.7
3143;11.5;14.7
3144;11.5;14.7
3145;11.5;14.7
3146;11.5;14.7
3147;11.5;14.7
3148;11.5;14.7
3149;11.5;14.7
3150;11.5;14.7
3151;11.5;14.7
3152;11.5;14.7
3153;11.5;14.7
3154;11.5;14.7
3155;11.5;14.7
3156;11.5;14.7
3157;11.5;14.7
3158;11.5;14.7
3159;11.5;14.7
3160;11.5;14.7
3161;11.5;14.7
3162;11.5;14.7
3163;11.5;14.7
3164;11.5;14.7
3165;11.5;14.7
3166;11.5;14.7
3167;11.5;14.7
3168;11.5;14.7
3169;11.5;14.7
3170;11.5;14.7
3171;11.5;14.7
3172;11.5;14.7
3173;11.5;14.7
3174;11.5;14.7
3175;11.5;14.7
3176;11.5;14.7
3177;11.5;14.7
3178;11.5;14.7
3179;11.5;14.7
3180;11.5;14.7
3181;11.5;14.7
3182;11.5;14.7
3183;11.5;14.7
3184;11.5;14.7
3185;11.5;14.7
3186;11.5;14.7
3187;11.5;14.7
3188;11.5;14.7
3189;11.5;14.7
3190;11.5;14.7
3191;11.5;14.7
3192;11.5;14.7
3193;11.5;14.7
3194;11.5;14.7
3195;11.5;14.7
3196;11.5;14.7
3197;11.5;14.7
3198;11.5;14.7
3199;11.5;14.7
3200;11.5;14.7
3201;11.5;14.7
3202;11.5;14.7
3203;11.5;14.7
3204;11.5;14.7
3205;11.5;14.7
3206;11.5;14.7
3207;11.5;14.7
3208;11.5;14.7
3209;11.5;14.7
3210;11.5;14.7
3211;11.5;14.7
3212;11.5;14.7
3213;11.5;14.7
3214;11.5;14.7
3215;11.5;14.7
3216;11.5;14.7
3217;11.5;14.7
3218;11.5;14.7
3219;11.5;14.7
3220;11.5;14.7
3221;11.5;14.7
3222;11.5;14.7
3223;11.5;14.7
3224;11.5;14.7
3225;11.5;14.7
3226;11.5;14.7
3227;11.5;14.7
3228;11.5;14.7
3229;11.5;14.7
3230;11.5;14.7
3231;11.5;14.7
3232;11.5;14.7
3233;11.5;14.7
3234;11.5;14.7
3235;11.5;14.7
3236;11.5;14.7
3237;11.5;14.7
3238;11.5;14.7
3239;11.5;14.7
3240;11.5;14.7
3241;11.5;14.7
3242;11.5;14.7
3243;11.5;14.7
3244;11.5;14.7
3245;11.5;14.7
3246;11.5;14.7
3247;11.5;14.7
3248;11.5;14.7
3249;11.5;14.7
3250;11.5;14.7
3251;11.5;14.7
3252;11.5;14.7
3253;11.5;14.7
3254;11.5;14.7
3255;11.5;14.7
3256;11.5;14.7
3257;11.5;14.7
3258;11.5;14.7
3259;11.5;14.7
3260;11.5;14.7
3261;11.5;14.7
3262;11.5;14.7
3263;11.5;14.7
3264;11.5;14.7
3265;11.5;14.7
3266;11.5;14.7
3267;11.5;14.7
3268;11.5;14.7
3269;11.5;14.7
3270;11.5;14.7
3271;11.5;14.7
3272;11.5;14.7
3273;11.5;14.7
3274;11.5;14.7
3275;11.5;14.7
3276;11.5;14.7
3277;11.5;14.7
3278;11.5;14.7
3279;11.5;14.7
3280;11.5;14.7
3281;11.5;14.7
3282;11.5;14.7
3283;11.5;14.7
3284;11.5;14.7
3285;11.5;14.7
3286;11.5;14.7
3287;11.5;14.7
3288;11.5;14.7
3289;11.5;14.7
3290;11.5;14.7
3291;11.5;14.7
3292;11.5;14.7
3293;11.5;14.7
3294;11.5;14.8
3295;11.5;14.8
3296;11.5;14.8
3297;11.5;14.8
3298;11.5;14.8
3299;11.5;14.8
3300;11.5;14.8
3301;11.5;14.8
3302;11.5;14.8
3303;11.5;14.8
3304;11.5;14.8
3305;11.5;14.8
3306;11.5;14.8
3307;11.5;14.8
3308;11.5;14.8
3309;11.5;14.8
3310;11.5;14.8
3311;11.5;14.8
3312;11.5;14.8
3313;11.5;14.8
3314;11.5;14.8
3315;11.5;14.8
3316;11.5;14.8
3317;11.5;14.8
3318;11.5;14.8
3319;11.5;14.8
3320;11.5;14.8
3321;11.5;14.8
3322;11.5;14.8
3323;11.5;14.8
3324;11.5;14.8
3325;11.5;14.8
3326;11.5;14.8
3327;11.5;14.8
3328;11.5;14.8
3329;11.5;14.8
3330;11.5;14.8
3331;11.5;14.8
3332;11.5;14.8
3333;11.5;14.8
3334;11.5;14.8
3335;11.5;14.8
3336;11.5;14.8
3337;11.5;14.8
3338;11.5;14.8
3339;11.5;14.8
3340;11.5;14.8
3341;11.5;14.8
3342;11.5;14.8
3343;11.5;14.8
3344;11.5;14.8
3345;11.5;14.8
3346;11.5;14.8
3347;11.5;14.8
3348;11.5;14.8
3349;11.5;14.8
3350;11.5;14.8
3351;11.5;14.8
3352;11.5;14.8
3353;11.5;14.8
3354;11.5;14.8
3355;11.5;14.8
3356;11.5;14.8
3357;11.5;14.8
3358;11.5;14.8
3359;11.5;14.8
3360;11.5;14.8
3361;11.5;14.8
3362;11.5;14.8
3363;11.5;14.8
3364;11.5;14.8
3365;11.5;14.8
3366;11.5;14.8
3367;11.5;14.8
3368;11.5;14.8
3369;11.5;14.8
3370;11.5;14.8
3371;11.5;14.8
3372;11.5;14.8
3373;11.5;14.8
3374;11.5;14.8
3375;11.5;14.8
3376;11.5;14.8
3377;11.5;14.8
3378;11.5;14.8
3379;11.5;14.8
3380;11.5;14.8
3381;11.5;14.8
3382;11.5;14.8
3383;11.5;14.8
3384;11.5;14.8
3385;11.5;14.8
3386;11.5;14.8
3387;11.5;14.8
3388;11.5;14.8
3389;11.5;14.8
3390;11.5;14.8
3391;11.5;14.8
3392;11.5;14.8
3393;11.5;14.8
3394;11.5;14.8
3395;11.5;14.8
3396;11.5;14.8
3397;11.5;14.8
3398;11.5;14.8
3399;11.5;14.8
3400;11.5;14.8
3401;11.5;14.8
3402;11.5;14.8
3403;11.5;14.8
3404;11.5;14.8
3405;11.5;14.8
3406;11.5;14.8
3407;11.5;14.8
3408;11.5;14.8
3409;11.5;14.8
3410;11.5;14.8
3411;11.5;14.8
3412;11.5;14.8
3413;11.5;14.8
3414;11.5;14.8
3415;11.5;14.8
3416;11.5;14.8
3417;11.5;14.8
3418;11.5;14.8
3419;11.5;14.8
3420;11.5;14.8
3421;11.5;14.8
3422;11.5;14.8
3423;11.5;14.8
3424;11.5;14.8
3425;11.5;14.8
3426;11.5;14.8
3427;11.5;14.8
3428;11.5;14.8
3429;11.5;14.8
3430;11.5;14.8
3431;11.5;14.8
3432;11.5;14.8
3433;11.5;14.8
3434;11.5;14.8
3435;11.5;14.8
3436;11.5;14.8
3437;11.5;14.8
3438;11.5;14.8
3439;11.5;14.8
3440;11.5;14.8
3441;11.5;14.8
3442;11.5;14.8
3443;11.5;14.8
3444;11.5;14.8
3445;11.5;14.8
3446;11.5;14.8
3447;11.5;14.8
3448;11.5;14.8
3449;11.5;14.8
3450;11.5;14.8
3451;11.5;14.8
3452;11.5;14.8
3453;11.5;14.8
3454;11.5;14.8
3455;11.5;14.8
3456;11.5;14.8
3457;11.5;14.8
3458;11.5;14.8
3459;11.5;14.8
3460;11.5;14.8
3461;11.5;14.8
3462;11.6;14.8
3463;11.6;14.8
3464;11.6;14.8
3465;11.6;14.8
3466;11.6;14.8
3467;11.6;14.8
3468;11.6;14.8
3469;11.6;14.8
3470;11.6;14.8
3471;11.6;14.8
3472;11.6;14.8
3473;11.6;14.8
3474;11.6;14.8
3475;11.6;14.8
3476;11.6;14.8
3477;11.6;14.8
3478;11.6;14.8
3479;11.6;14.8
3480;11.6;14.8
3481;11.6;14.8
3482;11.6;14.8
3483;11.6;14.8
3484;11.6;14.8
3485;11.6;14.8
3486;11.6;14.8
3487;11.6;14.8
3488;11.6;14.8
3489;11.6;14.8
3490;11.6;14.8
3491;11.6;14.8
3492;11.6;14.8
3493;11.6;14.8
3494;11.6;14.8
3495;11.6;14.9
3496;11.6;14.9
3497;11.6;14.9
3498;11.6;14.9
3499;11.6;14.9
3500;11.6;14.9
3501;11.6;14.9
3502;11.6;14.9
3503;11.6;14.9
3504;11.6;14.9
3505;11.6;14.9
3506;11.6;14.9
3507;11.6;14.9
3508;11.6;14.9
3509;11.6;14.9
3510;11.6;14.9
3511;11.6;14.9
3512;11.6;14.9
3513;11.6;14.9
3514;11.6;14.9
3515;11.6;14.9
3516;11.6;14.9
3517;11.6;14.9
3518;11.6;14.9
3519;11.6;14.9
3520;11.6;14.9
3521;11.6;14.9
3522;11.6;14.9
3523;11.6;14.9
3524;11.6;14.9
3525;11.6;14.9
3526;11.6;14.9
3527;11.6;14.9
3528;11.6;14.9
3529;11.6;14.9
3530;11.6;14.9
3531;11.6;14.9
3532;11.6;14.9
3533;11.6;14.9
3534;11.6;14.9
3535;11.6;14.9
3536;11.6;14.9
3537;11.6;14.9
3538;11.6;14.9
3539;11.6;14.9
3540;11.6;14.9
3541;11.6;14.9
3542;11.6;14.9
3543;11.6;14.9
3544;11.6;14.9
3545;11.6;14.9
3546;11.6;14.9
3547;11.6;14.9
3548;11.6;14.9
3549;11.6;14.9
3550;11.6;14.9
3551;11.6;14.9
3552;11.6;14.9
3553;11.6;14.9
3554;11.6;14.9
3555;11.6;14.9
3556;11.6;14.9
3557;11.6;14.9
3558;11.6;14.9
3559;11.6;14.9
3560;11.6;14.9
3561;11.6;14.9
3562;11.6;14.9
3563;11.6;14.9
3564;11.6;14.9
3565;11.6;14.9
3566;11.6;14.9
3567;11.6;14.9
3568;11.6;14.9
3569;11.6;14.9
3570;11.6;14.9
3571;11.6;14.9
3572;11.6;14.9
3573;11.6;14.9
3574;11.6;14.9
3575;11.6;14.9
3576;11.6;14.9
3577;11.6;14.9
3578;11.6;14.9
3579;11.6;14.9
3580;11.6;14.9
3581;11.6;14.9
3582;11.6;14.9
3583;11.6;14.9
3584;11.6;14.9
3585;11.6;14.9
3586;11.6;14.9
3587;11.6;14.9
3588;11.6;14.9
3589;11.6;14.9
3590;11.6;14.9
3591;11.6;14.9
3592;11.6;14.9
3593;11.6;14.9
3594;11.6;14.9
3595;11.6;14.9
3596;11.6;14.9
3597;11.6;14.9
3598;11.6;14.9
3599;11.6;14.9
3600;11.6;14.9
3601;11.6;14.9
3602;11.6;14.9
3603;11.6;14.9
3604;11.6;14.9
3605;11.6;14.9
3606;11.6;14.9
3607;11.6;14.9
3608;11.6;14.9
3609;11.6;14.9
3610;11.6;14.9
3611;11.6;14.9
3612;11.6;14.9
3613;11.6;14.9
3614;11.6;14.9
3615;11.6;14.9
3616;11.6;14.9
3617;11.6;14.9
3618;11.6;14.9
3619;11.6;14.9
3620;11.6;14.9
3621;11.6;14.9
3622;11.6;14.9
3623;11.6;14.9
3624;11.6;14.9
3625;11.6;14.9
3626;11.6;14.9
3627;11.6;14.9
3628;11.6;14.9
3629;11.6;14.9
3630;11.6;14.9
3631;11.6;14.9
3632;11.6;14.9
3633;11.6;14.9
3634;11.6;14.9
3635;11.6;14.9
3636;11.6;14.9
3637;11.6;14.9
3638;11.6;14.9
3639;11.6;14.9
3640;11.6;14.9
3641;11.6;14.9
3642;11.6;14.9
3643;11.6;14.9
3644;11.6;14.9
3645;11.6;14.9
3646;11.6;14.9
3647;11.6;14.9
3648;11.6;14.9
3649;11.6;14.9
3650;11.6;14.9
3651;11.6;14.9
3652;11.6;14.9
3653;11.6;14.9
3654;11.6;14.9
3655;11.6;14.9
3656;11.6;14.9
3657;11.6;14.9
3658;11.6;14.9
3659;11.6;14.9
3660;11.6;14.9
3661;11.6;14.9
3662;11.6;14.9
3663;11.6;14.9
3664;11.6;14.9
3665;11.6;14.9
3666;11.6;14.9
3667;11.6;14.9
3668;11.6;14.9
3669;11.6;14.9
3670;11.6;14.9
3671;11.6;14.9
3672;11.6;14.9
3673;11.6;14.9
3674;11.6;14.9
3675;11.6;14.9
3676;11.6;14.9
3677;11.6;14.9
3678;11.6;14.9
3679;11.6;14.9
3680;11.6;14.9
3681;11.6;15
3682;11.6;15
3683;11.6;15
3684;11.6;15
3685;11.6;15
3686;11.6;15
3687;11.6;15
3688;11.6;15
3689;11.6;15
3690;11.6;15
3691;11.6;15
3692;11.6;15
3693;11.6;15
3694;11.6;15
3695;11.6;15
3696;11.6;15
3697;11.6;15
3698;11.6;15
3699;11.6;15
3700;11.6;15
3701;11.6;15
3702;11.6;15
3703;11.6;15
3704;11.6;15
3705;11.6;15
3706;11.6;15
3707;11.6;15
3708;11.6;15
3709;11.6;15
3710;11.6;15
3711;11.6;15
3712;11.6;15
3713;11.6;15
3714;11.6;15
3715;11.6;15
3716;11.6;15
3717;11.6;15
3718;11.6;15
3719;11.6;15
3720;11.6;15
3721;11.6;15
3722;11.6;15
3723;11.6;15
3724;11.6;15
3725;11.6;15
3726;11.6;15
3727;11.6;15
3728;11.6;15
3729;11.6;15
3730;11.6;15
3731;11.6;15
3732;11.6;15
3733;11.6;15
3734;11.6;15
3735;11.6;15
3736;11.6;15
3737;11.6;15
3738;11.6;15
3739;11.6;15
3740;11.6;15
3741;11.6;15
3742;11.6;15
3743;11.6;15
3744;11.6;15
3745;11.6;15
3746;11.6;15
3747;11.6;15
3748;11.6;15
3749;11.6;15
3750;11.6;15
3751;11.6;15
3752;11.6;15
3753;11.6;15
3754;11.6;15
3755;11.6;15
3756;11.6;15
3757;11.6;15
3758;11.6;15
3759;11.6;15
3760;11.6;15
3761;11.6;15
3762;11.6;15
3763;11.6;15
3764;11.6;15
3765;11.6;15
3766;11.6;15
3767;11.6;15
3768;11.6;15
3769;11.6;15
3770;11.6;15
3771;11.6;15
3772;11.6;15
3773;11.6;15
3774;11.6;15
3775;11.6;15
3776;11.6;15
3777;11.6;15
3778;11.6;15
3779;11.6;15
3780;11.6;15
3781;11.6;15
3782;11.6;15
3783;11.6;15
3784;11.6;15
3785;11.6;15
3786;11.6;15
3787;11.6;15
3788;11.6;15
3789;11.6;15
3790;11.6;15
3791;11.6;15
3792;11.6;15
3793;11.6;15
3794;11.6;15
3795;11.6;15
3796;11.6;15
3797;11.6;15
3798;11.6;15
3799;11.6;15
3800;11.6;15
3801;11.6;15
3802;11.6;15
3803;11.6;15
3804;11.6;15
3805;11.6;15
3806;11.6;15
3807;11.6;15
3808;11.6;15
3809;11.6;15
3810;11.6;15
3811;11.6;15
3812;11.6;15
3813;11.6;15
3814;11.6;15
3815;11.6;15
3816;11.6;15
3817;11.6;15
3818;11.6;15
3819;11.6;15
3820;11.6;15
3821;11.6;15
3822;11.6;15
3823;11.6;15
3824;11.6;15
3825;11.6;15
3826;11.6;15
3827;11.6;15
3828;11.6;15
3829;11.7;15
3830;11.7;15
3831;11.7;15
3832;11.7;15
3833;11.7;15
3834;11.7;15
3835;11.7;15
3836;11.7;15
3837;11.7;15
3838;11.7;15
3839;11.7;15
3840;11.7;15
3841;11.7;15
3842;11.7;15
3843;11.7;15
3844;11.7;15
3845;11.7;15
3846;11.7;15
3847;11.7;15
3848;11.7;15
3849;11.7;15
3850;11.7;15
3851;11.7;15.1
3852;11.7;15.1
3853;11.7;15.1
3854;11.7;15.1
3855;11.7;15.1
3856;11.7;15.1
3857;11.7;15.1
3858;11.7;15.1
3859;11.7;15.1
3860;11.7;15.1
3861;11.7;15.1
3862;11.7;15.1
3863;11.7;15.1
3864;11.7;15.1
3865;11.7;15.1
3866;11.7;15.1
3867;11.7;15.1
3868;11.7;15.1
3869;11.7;15.1
3870;11.7;15.1
3871;11.7;15.1
3872;11.7;15.1
3873;11.7;15.1
3874;11.7;15.1
3875;11.7;15.1
3876;11.7;15.1
3877;11.7;15.1
3878;11.7;15.1
3879;11.7;15.1
3880;11.7;15.1
3881;11.7;15.1
3882;11.7;15.1
3883;11.7;15.1
3884;11.7;15.1
3885;11.7;15.1
3886;11.7;15.1
3887;11.7;15.1
3888;11.7;15.1
3889;11.7;15.1
3890;11.7;15.1
3891;11.7;15.1
3892;11.7;15.1
3893;11.7;15.1
3894;11.7;15.1
3895;11.7;15.1
3896;11.7;15.1
3897;11.7;15.1
3898;11.7;15.1
3899;11.7;15.1
3900;11.7;15.1
3901;11.7;15.1
3902;11.7;15.1
3903;11.7;15.1
3904;11.7;15.1
3905;11.7;15.1
3906;11.7;15.1
3907;11.7;15.1
3908;11.7;15.1
3909;11.7;15.1
3910;11.7;15.1
3911;11.7;15.1
3912;11.7;15.1
3913;11.7;15.1
3914;11.7;15.1
3915;11.7;15.1
3916;11.7;15.1
3917;11.7;15.1
3918;11.7;15.1
3919;11.7;15.1
3920;11.7;15.1
3921;11.7;15.1
3922;11.7;15.1
3923;11.7;15.1
3924;11.7;15.1
3925;11.7;15.1
3926;11.7;15.1
3927;11.7;15.1
3928;11.7;15.1
3929;11.7;15.1
3930;11.7;15.1
3931;11.7;15.1
3932;11.7;15.1
3933;11.7;15.1
3934;11.7;15.1
3935;11.7;15.1
3936;11.7;15.1
3937;11.7;15.1
3938;11.7;15.1
3939;11.7;15.1
3940;11.7;15.1
3941;11.7;15.1
3942;11.7;15.1
3943;11.7;15.1
3944;11.7;15.1
3945;11.7;15.1
3946;11.7;15.1
3947;11.7;15.1
3948;11.7;15.1
3949;11.7;15.1
3950;11.7;15.1
3951;11.7;15.1
3952;11.7;15.1
3953;11.7;15.1
3954;11.7;15.1
3955;11.7;15.1
3956;11.7;15.1
3957;11.7;15.1
3958;11.7;15.1
3959;11.7;15.1
3960;11.7;15.1
3961;11.7;15.1
3962;11.7;15.1
3963;11.7;15.1
3964;11.7;15.1
3965;11.7;15.1
3966;11.7;15.1
3967;11.7;15.1
3968;11.7;15.1
3969;11.7;15.1
3970;11.7;15.1
3971;11.7;15.1
3972;11.7;15.1
3973;11.7;15.1
3974;11.7;15.1
3975;11.7;15.1
3976;11.7;15.1
3977;11.7;15.1
3978;11.7;15.1
3979;11.7;15.1
3980;11.7;15.1
3981;11.7;15.1
3982;11.7;15.1
3983;11.7;15.1
3984;11.7;15.1
3985;11.7;15.1
3986;11.7;15.1
3987;11.7;15.1
3988;11.7;15.1
3989;11.7;15.1
3990;11.7;15.1
3991;11.7;15.1
3992;11.7;15.1
3993;11.7;15.1
3994;11.7;15.1
3995;11.7;15.1
3996;11.7;15.1
3997;11.7;15.1
3998;11.7;15.1
3999;11.7;15.1
4000;11.7;15.1
4001;11.7;15.1
4002;11.7;15.1
4003;11.7;15.1
4004;11.7;15.1
4005;11.7;15.1
4006;11.7;15.2
4007;11.7;15.2
4008;11.7;15.2
4009;11.7;15.2
4010;11.7;15.2
4011;11.7;15.2
4012;11.7;15.2
4013;11.7;15.2
4014;11.7;15.2
4015;11.7;15.2
4016;11.7;15.2
4017;11.7;15.2
4018;11.7;15.2
4019;11.7;15.2
4020;11.7;15.2
4021;11.7;15.2
4022;11.7;15.2
4023;11.7;15.2
4024;11.7;15.2
4025;11.7;15.2
4026;11.7;15.2
4027;11.7;15.2
4028;11.7;15.2
4029;11.7;15.2
4030;11.7;15.2
4031;11.7;15.2
4032;11.7;15.2
4033;11.7;15.2
4034;11.7;15.2
4035;11.7;15.2
4036;11.7;15.2
4037;11.7;15.2
4038;11.7;15.2
4039;11.7;15.2
4040;11.7;15.2
4041;11.7;15.2
4042;11.7;15.2
4043;11.7;15.2
4044;11.7;15.2
4045;11.7;15.2
4046;11.7;15.2
4047;11.7;15.2
4048;11.7;15.2
4049;11.7;15.2
4050;11.7;15.2
4051;11.7;15.2
4052;11.7;15.2
4053;11.7;15.2
4054;11.7;15.2
4055;11.7;15.2
4056;11.7;15.2
4057;11.7;15.2
4058;11.7;15.2
4059;11.7;15.2
4060;11.7;15.2
4061;11.7;15.2
4062;11.7;15.2
4063;11.7;15.2
4064;11.7;15.2
4065;11.7;15.2
4066;11.7;15.2
4067;11.7;15.2
4068;11.7;15.2
4069;11.7;15.2
4070;11.7;15.2
4071;11.7;15.2
4072;11.7;15.2
4073;11.7;15.2
4074;11.7;15.2
4075;11.7;15.2
4076;11.7;15.2
4077;11.7;15.2
4078;11.7;15.2
4079;11.7;15.2
4080;11.7;15.2
4081;11.7;15.2
4082;11.7;15.2
4083;11.7;15.2
4084;11.7;15.2
4085;11.7;15.2
4086;11.7;15.2
4087;11.7;15.2
4088;11.7;15.2
4089;11.7;15.2
4090;11.7;15.2
4091;11.7;15.2
4092;11.7;15.2
4093;11.7;15.2
4094;11.7;15.2
4095;11.7;15.2
4096;11.7;15.2
4097;11.7;15.2
4098;11.7;15.2
4099;11.7;15.2
4100;11.7;15.2
4101;11.7;15.2
4102;11.7;15.2
4103;11.7;15.2
4104;11.7;15.2
4105;11.7;15.2
4106;11.7;15.2
4107;11.7;15.2
4108;11.7;15.2
4109;11.7;15.2
4110;11.7;15.2
4111;11.7;15.2
4112;11.7;15.2
4113;11.7;15.2
4114;11.7;15.2
4115;11.7;15.2
4116;11.7;15.2
4117;11.7;15.2
4118;11.7;15.2
4119;11.7;15.2
4120;11.7;15.2
4121;11.7;15.2
4122;11.7;15.2
4123;11.7;15.2
4124;11.7;15.2
4125;11.7;15.2
4126;11.7;15.2
4127;11.7;15.2
4128;11.7;15.2
4129;11.7;15.2
4130;11.7;15.2
4131;11.7;15.2
4132;11.7;15.2
4133;11.7;15.2
4134;11.7;15.2
4135;11.7;15.2
4136;11.7;15.2
4137;11.7;15.2
4138;11.7;15.2
4139;11.7;15.2
4140;11.7;15.2
4141;11.7;15.2
4142;11.7;15.2
4143;11.7;15.2
4144;11.7;15.2
4145;11.7;15.2
4146;11.7;15.2
4147;11.7;15.3
4148;11.7;15.3
4149;11.7;15.3
4150;11.7;15.3
4151;11.7;15.3
4152;11.7;15.3
4153;11.7;15.3
4154;11.7;15.3
4155;11.7;15.3
4156;11.7;15.3
4157;11.8;15.3
4158;11.8;15.3
4159;11.8;15.3
4160;11.8;15.3
4161;11.8;15.3
4162;11.8;15.3
4163;11.8;15.3
4164;11.8;15.3
4165;11.8;15.3
4166;11.8;15.3
4167;11.8;15.3
4168;11.8;15.3
4169;11.8;15.3
4170;11.8;15.3
4171;11.8;15.3
4172;11.8;15.3
4173;11.8;15.3
4174;11.8;15.3
4175;11.8;15.3
4176;11.8;15.3
4177;11.8;15.3
4178;11.8;15.3
4179;11.8;15.3
4180;11.8;15.3
4181;11.8;15.3
4182;11.8;15.3
4183;11.8;15.3
4184;11.8;15.3
4185;11.8;15.3
4186;11.8;15.3
4187;11.8;15.3
4188;11.8;15.3
4189;11.8;15.3
4190;11.8;15.3
4191;11.8;15.3
4192;11.8;15.3
4193;11.8;15.3
4194;11.8;15.3
4195;11.8;15.3
4196;11.8;15.3
4197;11.8;15.3
4198;11.8;15.3
4199;11.8;15.3
4200;11.8;15.3
4201;11.8;15.3
4202;11.8;15.3
4203;11.8;15.3
4204;11.8;15.3
4205;11.8;15.3
4206;11.8;15.3
4207;11.8;15.3
4208;11.8;15.3
4209;11.8;15.3
4210;11.8;15.3
4211;11.8;15.3
4212;11.8;15.3
4213;11.8;15.3
4214;11.8;15.3
4215;11.8;15.3
4216;11.8;15.3
4217;11.8;15.3
4218;11.8;15.3
4219;11.8;15.3
4220;11.8;15.3
4221;11.8;15.3
4222;11.8;15.3
4223;11.8;15.3
4224;11.8;15.3
4225;11.8;15.3
4226;11.8;15.3
4227;11.8;15.3
4228;11.8;15.3
4229;11.8;15.3
4230;11.8;15.3
4231;11.8;15.3
4232;11.8;15.3
4233;11.8;15.3
4234;11.8;15.3
4235;11.8;15.3
4236;11.8;15.3
4237;11.8;15.3
4238;11.8;15.3
4239;11.8;15.3
4240;11.8;15.3
4241;11.8;15.3
4242;11.8;15.3
4243;11.8;15.3
4244;11.8;15.3
4245;11.8;15.3
4246;11.8;15.3
4247;11.8;15.3
4248;11.8;15.3
4249;11.8;15.3
4250;11.8;15.3
4251;11.8;15.3
4252;11.8;15.3
4253;11.8;15.3
4254;11.8;15.3
4255;11.8;15.3
4256;11.8;15.3
4257;11.8;15.3
4258;11.8;15.3
4259;11.8;15.3
4260;11.8;15.3
4261;11.8;15.3
4262;11.8;15.3
4263;11.8;15.3
4264;11.8;15.3
4265;11.8;15.3
4266;11.8;15.3
4267;11.8;15.3
4268;11.8;15.3
4269;11.8;15.3
4270;11.8;15.3
4271;11.8;15.3
4272;11.8;15.3
4273;11.8;15.3
4274;11.8;15.3
4275;11.8;15.3
4276;11.8;15.3
4277;11.8;15.4
4278;11.8;15.4
4279;11.8;15.4
4280;11.8;15.4
4281;11.8;15.4
4282;11.8;15.4
4283;11.8;15.4
4284;11.8;15.4
4285;11.8;15.4
4286;11.8;15.4
4287;11.8;15.4
4288;11.8;15.4
4289;11.8;15.4
4290;11.8;15.4
4291;11.8;15.4
4292;11.8;15.4
4293;11.8;15.4
4294;11.8;15.4
4295;11.8;15.4
4296;11.8;15.4
4297;11.8;15.4
4298;11.8;15.4
4299;11.8;15.4
4300;11.8;15.4
4301;11.8;15.4
4302;11.8;15.4
4303;11.8;15.4
4304;11.8;15.4
4305;11.8;15.4
4306;11.8;15.4
4307;11.8;15.4
4308;11.8;15.4
4309;11.8;15.4
4310;11.8;15.4
4311;11.8;15.4
4312;11.8;15.4
4313;11.8;15.4
4314;11.8;15.4
4315;11.8;15.4
4316;11.8;15.4
4317;11.8;15.4
4318;11.8;15.4
4319;11.8;15.4
4320;11.8;15.4
4321;11.8;15.4
4322;11.8;15.4
4323;11.8;15.4
4324;11.8;15.4
4325;11.8;15.4
4326;11.8;15.4
4327;11.8;15.4
4328;11.8;15.4
4329;11.8;15.4
4330;11.8;15.4
4331;11.8;15.4
4332;11.8;15.4
4333;11.8;15.4
4334;11.8;15.4
4335;11.8;15.4
4336;11.8;15.4
4337;11.8;15.4
4338;11.8;15.4
4339;11.8;15.4
4340;11.8;15.4
4341;11.8;15.4
4342;11.8;15.4
4343;11.8;15.4
4344;11.8;15.4
4345;11.8;15.4
4346;11.8;15.4
4347;11.8;15.4
4348;11.8;15.4
4349;11.8;15.4
4350;11.8;15.4
4351;11.8;15.4
4352;11.8;15.4
4353;11.8;15.4
4354;11.8;15.4
4355;11.8;15.4
4356;11.8;15.4
4357;11.8;15.4
4358;11.8;15.4
4359;11.8;15.4
4360;11.8;15.4
4361;11.8;15.4
4362;11.8;15.4
4363;11.8;15.4
4364;11.8;15.4
4365;11.8;15.4
4366;11.8;15.4
4367;11.8;15.4
4368;11.8;15.4
4369;11.8;15.4
4370;11.8;15.4
4371;11.8;15.4
4372;11.8;15.4
4373;11.8;15.4
4374;11.8;15.4
4375;11.8;15.4
4376;11.8;15.4
4377;11.8;15.4
4378;11.8;15.4
4379;11.8;15.4
4380;11.8;15.4
4381;11.8;15.4
4382;11.8;15.4
4383;11.8;15.4
4384;11.8;15.4
4385;11.8;15.4
4386;11.8;15.4
4387;11.8;15.4
4388;11.8;15.4
4389;11.8;15.4
4390;11.8;15.4
4391;11.8;15.4
4392;11.8;15.4
4393;11.8;15.4
4394;11.8;15.4
4395;11.8;15.4
4396;11.8;15.4
4397;11.8;15.5
4398;11.8;15.5
4399;11.8;15.5
4400;11.8;15.5
4401;11.8;15.5
4402;11.8;15.5
4403;11.8;15.5
4404;11.8;15.5
4405;11.8;15.5
4406;11.8;15.5
4407;11.8;15.5
4408;11.8;15.5
4409;11.8;15.5
4410;11.8;15.5
4411;11.8;15.5
4412;11.8;15.5
4413;11.8;15.5
4414;11.8;15.5
4415;11.8;15.5
4416;11.8;15.5
4417;11.8;15.5
4418;11.8;15.5
4419;11.8;15.5
4420;11.8;15.5
4421;11.8;15.5
4422;11.8;15.5
4423;11.8;15.5
4424;11.8;15.5
4425;11.8;15.5
4426;11.8;15.5
4427;11.9;15.5
4428;11.9;15.5
4429;11.9;15.5
4430;11.9;15.5
4431;11.9;15.5
4432;11.9;15.5
4433;11.9;15.5
4434;11.9;15.5
4435;11.9;15.5
4436;11.9;15.5
4437;11.9;15.5
4438;11.9;15.5
4439;11.9;15.5
4440;11.9;15.5
4441;11.9;15.5
4442;11.9;15.5
4443;11.9;15.5
4444;11.9;15.5
4445;11.9;15.5
4446;11.9;15.5
4447;11.9;15.5
4448;11.9;15.5
4449;11.9;15.5
4450;11.9;15.5
4451;11.9;15.5
4452;11.9;15.5
4453;11.9;15.5
4454;11.9;15.5
4455;11.9;15.5
4456;11.9;15.5
4457;11.9;15.5
4458;11.9;15.5
4459;11.9;15.5
4460;11.9;15.5
4461;11.9;15.5
4462;11.9;15.5
4463;11.9;15.5
4464;11.9;15.5
4465;11.9;15.5
4466;11.9;15.5
4467;11.9;15.5
4468;11.9;15.5
4469;11.9;15.5
4470;11.9;15.5
4471;11.9;15.5
4472;11.9;15.5
4473;11.9;15.5
4474;11.9;15.5
4475;11.9;15.5
4476;11.9;15.5
4477;11.9;15.5
4478;11.9;15.5
4479;11.9;15.5
4480;11.9;15.5
4481;11.9;15.5
4482;11.9;15.5
4483;11.9;15.5
4484;11.9;15.5
4485;11.9;15.5
4486;11.9;15.5
4487;11.9;15.5
4488;11.9;15.5
4489;11.9;15.5
4490;11.9;15.5
4491;11.9;15.5
4492;11.9;15.5
4493;11.9;15.5
4494;11.9;15.5
4495;11.9;15.5
4496;11.9;15.5
4497;11.9;15.5
4498;11.9;15.5
4499;11.9;15.5
4500;11.9;15.5
4501;11.9;15.5
4502;11.9;15.5
4503;11.9;15.5
4504;11.9;15.5
4505;11.9;15.5
4506;11.9;15.5
4507;11.9;15.5
4508;11.9;15.5
4509;11.9;15.5
4510;11.9;15.6
4511;11.9;15.6
4512;11.9;15.6
4513;11.9;15.6
4514;11.9;15.6
4515;11.9;15.6
4516;11.9;15.6
4517;11.9;15.6
4518;11.9;15.6
4519;11.9;15.6
4520;11.9;15.6
4521;11.9;15.6
4522;11.9;15.6
4523;11.9;15.6
4524;11.9;15.6
4525;11.9;15.6
4526;11.9;15.6
4527;11.9;15.6
4528;11.9;15.6
4529;11.9;15.6
4530;11.9;15.6
4531;11.9;15.6
4532;11.9;15.6
4533;11.9;15.6
4534;11.9;15.6
4535;11.9;15.6
4536;11.9;15.6
4537;11.9;15.6
4538;11.9;15.6
4539;11.9;15.6
4540;11.9;15.6
4541;11.9;15.6
4542;11.9;15.6
4543;11.9;15.6
4544;11.9;15.6
4545;11.9;15.6
4546;11.9;15.6
4547;11.9;15.6
4548;11.9;15.6
4549;11.9;15.6
4550;11.9;15.6
4551;11.9;15.6
4552;11.9;15.6
4553;11.9;15.6
4554;11.9;15.6
4555;11.9;15.6
4556;11.9;15.6
4557;11.9;15.6
4558;11.9;15.6
4559;11.9;15.6
4560;11.9;15.6
4561;11.9;15.6
4562;11.9;15.6
4563;11.9;15.6
4564;11.9;15.6
4565;11.9;15.6
4566;11.9;15.6
4567;11.9;15.6
4568;11.9;15.6
4569;11.9;15.6
4570;11.9;15.6
4571;11.9;15.6
4572;11.9;15.6
4573;11.9;15.6
4574;11.9;15.6
4575;11.9;15.6
4576;11.9;15.6
4577;11.9;15.6
4578;11.9;15.6
4579;11.9;15.6
4580;11.9;15.6
4581;11.9;15.6
4582;11.9;15.6
4583;11.9;15.6
4584;11.9;15.6
4585;11.9;15.6
4586;11.9;15.6
4587;11.9;15.6
4588;11.9;15.6
4589;11.9;15.6
4590;11.9;15.6
4591;11.9;15.6
4592;11.9;15.6
4593;11.9;15.6
4594;11.9;15.6
4595;11.9;15.6
4596;11.9;15.6
4597;11.9;15.6
4598;11.9;15.6
4599;11.9;15.6
4600;11.9;15.6
4601;11.9;15.6
4602;11.9;15.6
4603;11.9;15.6
4604;11.9;15.6
4605;11.9;15.6
4606;11.9;15.6
4607;11.9;15.6
4608;11.9;15.6
4609;11.9;15.6
4610;11.9;15.6
4611;11.9;15.6
4612;11.9;15.6
4613;11.9;15.6
4614;11.9;15.6
4615;11.9;15.6
4616;11.9;15.6
4617;11.9;15.7
4618;11.9;15.7
4619;11.9;15.7
4620;11.9;15.7
4621;11.9;15.7
4622;11.9;15.7
4623;11.9;15.7
4624;11.9;15.7
4625;11.9;15.7
4626;11.9;15.7
4627;11.9;15.7
4628;11.9;15.7
4629;11.9;15.7
4630;11.9;15.7
4631;11.9;15.7
4632;11.9;15.7
4633;11.9;15.7
4634;11.9;15.7
4635;11.9;15.7
4636;11.9;15.7
4637;11.9;15.7
4638;11.9;15.7
4639;11.9;15.7
4640;11.9;15.7
4641;11.9;15.7
4642;11.9;15.7
4643;11.9;15.7
4644;11.9;15.7
4645;11.9;15.7
4646;11.9;15.7
4647;11.9;15.7
4648;11.9;15.7
4649;11.9;15.7
4650;12;15.7
4651;12;15.7
4652;12;15.7
4653;12;15.7
4654;12;15.7
4655;12;15.7
4656;12;15.7
4657;12;15.7
4658;12;15.7
4659;12;15.7
4660;12;15.7
4661;12;15.7
4662;12;15.7
4663;12;15.7
4664;12;15.7
4665;12;15.7
4666;12;15.7
4667;12;15.7
4668;12;15.7
4669;12;15.7
4670;12;15.7
4671;12;15.7
4672;12;15.7
4673;12;15.7
4674;12;15.7
4675;12;15.7
4676;12;15.7
4677;12;15.7
4678;12;15.7
4679;12;15.7
4680;12;15.7
4681;12;15.7
4682;12;15.7
4683;12;15.7
4684;12;15.7
4685;12;15.7
4686;12;15.7
4687;12;15.7
4688;12;15.7
4689;12;15.7
4690;12;15.7
4691;12;15.7
4692;12;15.7
4693;12;15.7
4694;12;15.7
4695;12;15.7
4696;12;15.7
4697;12;15.7
4698;12;15.7
4699;12;15.7
4700;12;15.7
4701;12;15.7
4702;12;15.7
4703;12;15.7
4704;12;15.7
4705;12;15.7
4706;12;15.7
4707;12;15.7
4708;12;15.7
4709;12;15.7
4710;12;15.7
4711;12;15.7
4712;12;15.7
4713;12;15.7
4714;12;15.7
4715;12;15.7
4716;12;15.7
4717;12;15.7
4718;12;15.7
4719;12;15.8
4720;12;15.8
4721;12;15.8
4722;12;15.8
4723;12;15.8
4724;12;15.8
4725;12;15.8
4726;12;15.8
4727;12;15.8
4728;12;15.8
4729;12;15.8
4730;12;15.8
4731;12;15.8
4732;12;15.8
4733;12;15.8
4734;12;15.8
4735;12;15.8
4736;12;15.8
4737;12;15.8
4738;12;15.8
4739;12;15.8
4740;12;15.8
4741;12;15.8
4742;12;15.8
4743;12;15.8
4744;12;15.8
4745;12;15.8
4746;12;15.8
4747;12;15.8
4748;12;15.8
4749;12;15.8
4750;12;15.8
4751;12;15.8
4752;12;15.8
4753;12;15.8
4754;12;15.8
4755;12;15.8
4756;12;15.8
4757;12;15.8
4758;12;15.8
4759;12;15.8
4760;12;15.8
4761;12;15.8
4762;12;15.8
4763;12;15.8
4764;12;15.8
4765;12;15.8
4766;12;15.8
4767;12;15.8
4768;12;15.8
4769;12;15.8
4770;12;15.8
4771;12;15.8
4772;12;15.8
4773;12;15.8
4774;12;15.8
4775;12;15.8
4776;12;15.8
4777;12;15.8
4778;12;15.8
4779;12;15.8
4780;12;15.8
4781;12;15.8
4782;12;15.8
4783;12;15.8
4784;12;15.8
4785;12;15.8
4786;12;15.8
4787;12;15.8
4788;12;15.8
4789;12;15.8
4790;12;15.8
4791;12;15.8
4792;12;15.8
4793;12;15.8
4794;12;15.8
4795;12;15.8
4796;12;15.8
4797;12;15.8
4798;12;15.8
4799;12;15.8
4800;12;15.8
4801;12;15.8
4802;12;15.8
4803;12;15.8
4804;12;15.8
4805;12;15.8
4806;12;15.8
4807;12;15.8
4808;12;15.8
4809;12;15.8
4810;12;15.8
4811;12;15.8
4812;12;15.8
4813;12;15.8
4814;12;15.8
4815;12;15.8
4816;12;15.8
4817;12;15.9
4818;12;15.9
4819;12;15.9
4820;12;15.9
4821;12;15.9
4822;12;15.9
4823;12;15.9
4824;12;15.9
4825;12;15.9
4826;12;15.9
4827;12;15.9
4828;12;15.9
4829;12;15.9
4830;12;15.9
4831;12;15.9
4832;12;15.9
4833;12;15.9
4834;12;15.9
4835;12;15.9
4836;12;15.9
4837;12;15.9
4838;12;15.9
4839;12.1;15.9
4840;12.1;15.9
4841;12.1;15.9
4842;12.1;15.9
4843;12.1;15.9
4844;12.1;15.9
4845;12.1;15.9
4846;12.1;15.9
4847;12.1;15.9
4848;12.1;15.9
4849;12.1;15.9
4850;12.1;15.9
4851;12.1;15.9
4852;12.1;15.9
4853;12.1;15.9
4854;12.1;15.9
4855;12.1;15.9
4856;12.1;15.9
4857;12.1;15.9
4858;12.1;15.9
4859;12.1;15.9
4860;12.1;15.9
4861;12.1;15.9
4862;12.1;15.9
4863;12.1;15.9
4864;12.1;15.9
4865;12.1;15.9
4866;12.1;15.9
4867;12.1;15.9
4868;12.1;15.9
4869;12.1;15.9
4870;12.1;15.9
4871;12.1;15.9
4872;12.1;15.9
4873;12.1;15.9
4874;12.1;15.9
4875;12.1;15.9
4876;12.1;15.9
4877;12.1;15.9
4878;12.1;15.9
4879;12.1;15.9
4880;12.1;15.9
4881;12.1;15.9
4882;12.1;15.9
4883;12.1;15.9
4884;12.1;15.9
4885;12.1;15.9
4886;12.1;15.9
4887;12.1;15.9
4888;12.1;15.9
4889;12.1;15.9
4890;12.1;15.9
4891;12.1;15.9
4892;12.1;15.9
4893;12.1;15.9
4894;12.1;15.9
4895;12.1;15.9
4896;12.1;15.9
4897;12.1;15.9
4898;12.1;15.9
4899;12.1;15.9
4900;12.1;15.9
4901;12.1;15.9
4902;12.1;15.9
4903;12.1;15.9
4904;12.1;15.9
4905;12.1;15.9
4906;12.1;15.9
4907;12.1;15.9
4908;12.1;15.9
4909;12.1;15.9
4910;12.1;15.9
4911;12.1;15.9
4912;12.1;16
4913;12.1;16
4914;12.1;16
4915;12.1;16
4916;12.1;16
4917;12.1;16
4918;12.1;16
4919;12.1;16
4920;12.1;16
4921;12.1;16
4922;12.1;16
4923;12.1;16
4924;12.1;16
4925;12.1;16
4926;12.1;16
4927;12.1;16
4928;12.1;16
4929;12.1;16
4930;12.1;16
4931;12.1;16
4932;12.1;16
4933;12.1;16
4934;12.1;16
4935;12.1;16
4936;12.1;16
4937;12.1;16
4938;12.1;16
4939;12.1;16
4940;12.1;16
4941;12.1;16
4942;12.1;16
4943;12.1;16
4944;12.1;16
4945;12.1;16
4946;12.1;16
4947;12.1;16
4948;12.1;16
4949;12.1;16
4950;12.1;16
4951;12.1;16
4952;12.1;16
4953;12.1;16
4954;12.1;16
4955;12.1;16
4956;12.1;16
4957;12.1;16
4958;12.1;16
4959;12.1;16
4960;12.1;16
4961;12.1;16
4962;12.1;16
4963;12.1;16
4964;12.1;16
4965;12.1;16
4966;12.1;16
4967;12.1;16
4968;12.1;16
4969;12.1;16
4970;12.1;16
4971;12.1;16
4972;12.1;16
4973;12.1;16
4974;12.1;16
4975;12.1;16
4976;12.1;16
4977;12.1;16
4978;12.1;16
4979;12.1;16
4980;12.1;16
4981;12.1;16
4982;12.1;16
4983;12.1;16
4984;12.1;16
4985;12.1;16
4986;12.1;16
4987;12.1;16
4988;12.1;16
4989;12.1;16
4990;12.1;16
4991;12.1;16
4992;12.1;16
4993;12.1;16
4994;12.1;16
4995;12.1;16
4996;12.1;16
4997;12.1;16
4998;12.1;16
4999;12.1;16
5000;12.1;16
5001;12.1;16
5002;12.1;16
5003;12.1;16
5004;12.2;16
5005;12.2;16
5006;12.2;16.1
5007;12.2;16.1
5008;12.2;16.1
5009;12.2;16.1
5010;12.2;16.1
5011;12.2;16.1
5012;12.2;16.1
5013;12.2;16.1
5014;12.2;16.1
5015;12.2;16.1
5016;12.2;16.1
5017;12.2;16.1
5018;12.2;16.1
5019;12.2;16.1
5020;12.2;16.1
5021;12.2;16.1
5022;12.2;16.1
5023;12.2;16.1
5024;12.2;16.1
5025;12.2;16.1
5026;12.2;16.1
5027;12.2;16.1
5028;12.2;16.1
5029;12.2;16.1
5030;12.2;16.1
5031;12.2;16.1
5032;12.2;16.1
5033;12.2;16.1
5034;12.2;16.1
5035;12.2;16.1
5036;12.2;16.1
5037;12.2;16.1
5038;12.2;16.1
5039;12.2;16.1
5040;12.2;16.1
5041;12.2;16.1
5042;12.2;16.1
5043;12.2;16.1
5044;12.2;16.1
5045;12.2;16.1
5046;12.2;16.1
5047;12.2;16.1
5048;12.2;16.1
5049;12.2;16.1
5050;12.2;16.1
5051;12.2;16.1
5052;12.2;16.1
5053;12.2;16.1
5054;12.2;16.1
5055;12.2;16.1
5056;12.2;16.1
5057;12.2;16.1
5058;12.2;16.1
5059;12.2;16.1
5060;12.2;16.1
5061;12.2;16.1
5062;12.2;16.1
5063;12.2;16.1
5064;12.2;16.1
5065;12.2;16.1
5066;12.2;16.1
5067;12.2;16.1
5068;12.2;16.1
5069;12.2;16.1
5070;12.2;16.1
5071;12.2;16.1
5072;12.2;16.1
5073;12.2;16.1
5074;12.2;16.1
5075;12.2;16.1
5076;12.2;16.1
5077;12.2;16.1
5078;12.2;16.1
5079;12.2;16.1
5080;12.2;16.1
5081;12.2;16.1
5082;12.2;16.1
5083;12.2;16.1
5084;12.2;16.1
5085;12.2;16.1
5086;12.2;16.1
5087;12.2;16.1
5088;12.2;16.1
5089;12.2;16.1
5090;12.2;16.1
5091;12.2;16.1
5092;12.2;16.1
5093;12.2;16.1
5094;12.2;16.1
5095;12.2;16.1
5096;12.2;16.1
5097;12.2;16.1
5098;12.2;16.1
5099;12.2;16.2
5100;12.2;16.2
5101;12.2;16.2
5102;12.2;16.2
5103;12.2;16.2
5104;12.2;16.2
5105;12.2;16.2
5106;12.2;16.2
5107;12.2;16.2
5108;12.2;16.2
5109;12.2;16.2
5110;12.2;16.2
5111;12.2;16.2
5112;12.2;16.2
5113;12.2;16.2
5114;12.2;16.2
5115;12.2;16.2
5116;12.2;16.2
5117;12.2;16.2
5118;12.2;16.2
5119;12.2;16.2
5120;12.2;16.2
5121;12.2;16.2
5122;12.2;16.2
5123;12.2;16.2
5124;12.2;16.2
5125;12.2;16.2
5126;12.2;16.2
5127;12.2;16.2
5128;12.2;16.2
5129;12.2;16.2
5130;12.2;16.2
5131;12.2;16.2
5132;12.2;16.2
5133;12.2;16.2
5134;12.2;16.2
5135;12.2;16.2
5136;12.2;16.2
5137;12.2;16.2
5138;12.2;16.2
5139;12.2;16.2
5140;12.2;16.2
5141;12.2;16.2
5142;12.2;16.2
5143;12.2;16.2
5144;12.2;16.2
5145;12.2;16.2
5146;12.2;16.2
5147;12.2;16.2
5148;12.2;16.2
5149;12.2;16.2
5150;12.2;16.2
5151;12.2;16.2
5152;12.2;16.2
5153;12.3;16.2
5154;12.3;16.2
5155;12.3;16.2
5156;12.3;16.2
5157;12.3;16.2
5158;12.3;16.2
5159;12.3;16.2
5160;12.3;16.2
5161;12.3;16.2
5162;12.3;16.2
5163;12.3;16.2
5164;12.3;16.2
5165;12.3;16.2
5166;12.3;16.2
5167;12.3;16.2
5168;12.3;16.2
5169;12.3;16.2
5170;12.3;16.2
5171;12.3;16.2
5172;12.3;16.2
5173;12.3;16.2
5174;12.3;16.2
5175;12.3;16.2
5176;12.3;16.2
5177;12.3;16.2
5178;12.3;16.2
5179;12.3;16.2
5180;12.3;16.2
5181;12.3;16.2
5182;12.3;16.2
5183;12.3;16.2
5184;12.3;16.2
5185;12.3;16.2
5186;12.3;16.2
5187;12.3;16.2
5188;12.3;16.2
5189;12.3;16.2
5190;12.3;16.2
5191;12.3;16.2
5192;12.3;16.2
5193;12.3;16.3
5194;12.3;16.3
5195;12.3;16.3
5196;12.3;16.3
5197;12.3;16.3
5198;12.3;16.3
5199;12.3;16.3
5200;12.3;16.3
5201;12.3;16.3
5202;12.3;16.3
5203;12.3;16.3
5204;12.3;16.3
5205;12.3;16.3
5206;12.3;16.3
5207;12.3;16.3
5208;12.3;16.3
5209;12.3;16.3
5210;12.3;16.3
5211;12.3;16.3
5212;12.3;16.3
5213;12.3;16.3
5214;12.3;16.3
5215;12.3;16.3
5216;12.3;16.3
5217;12.3;16.3
5218;12.3;16.3
5219;12.3;16.3
5220;12.3;16.3
5221;12.3;16.3
5222;12.3;16.3
5223;12.3;16.3
5224;12.3;16.3
5225;12.3;16.3
5226;12.3;16.3
5227;12.3;16.3
5228;12.3;16.3
5229;12.3;16.3
5230;12.3;16.3
5231;12.3;16.3
5232;12.3;16.3
5233;12.3;16.3
5234;12.3;16.3
5235;12.3;16.3
5236;12.3;16.3
5237;12.3;16.3
5238;12.3;16.3
5239;12.3;16.3
5240;12.3;16.3
5241;12.3;16.3
5242;12.3;16.3
5243;12.3;16.3
5244;12.3;16.3
5245;12.3;16.3
5246;12.3;16.3
5247;12.3;16.3
5248;12.3;16.3
5249;12.3;16.3
5250;12.3;16.3
5251;12.3;16.3
5252;12.3;16.3
5253;12.3;16.3
5254;12.3;16.3
5255;12.3;16.3
5256;12.3;16.3
5257;12.3;16.3
5258;12.3;16.3
5259;12.3;16.3
5260;12.3;16.3
5261;12.3;16.3
5262;12.3;16.3
5263;12.3;16.3
5264;12.3;16.3
5265;12.3;16.3
5266;12.3;16.3
5267;12.3;16.3
5268;12.3;16.3
5269;12.3;16.3
5270;12.3;16.3
5271;12.3;16.3
5272;12.3;16.3
5273;12.3;16.3
5274;12.3;16.3
5275;12.3;16.3
5276;12.3;16.3
5277;12.3;16.3
5278;12.3;16.3
5279;12.3;16.3
5280;12.3;16.3
5281;12.3;16.3
5282;12.3;16.3
5283;12.3;16.3
5284;12.3;16.3
5285;12.3;16.3
5286;12.3;16.3
5287;12.3;16.4
5288;12.4;16.4
5289;12.4;16.4
5290;12.4;16.4
5291;12.4;16.4
5292;12.4;16.4
5293;12.4;16.4
5294;12.4;16.4
5295;12.4;16.4
5296;12.4;16.4
5297;12.4;16.4
5298;12.4;16.4
5299;12.4;16.4
5300;12.4;16.4
5301;12.4;16.4
5302;12.4;16.4
5303;12.4;16.4
5304;12.4;16.4
5305;12.4;16.4
5306;12.4;16.4
5307;12.4;16.4
5308;12.4;16.4
5309;12.4;16.4
5310;12.4;16.4
5311;12.4;16.4
5312;12.4;16.4
5313;12.4;16.4
5314;12.4;16.4
5315;12.4;16.4
5316;12.4;16.4
5317;12.4;16.4
5318;12.4;16.4
5319;12.4;16.4
5320;12.4;16.4
5321;12.4;16.4
5322;12.4;16.4
5323;12.4;16.4
5324;12.4;16.4
5325;12.4;16.4
5326;12.4;16.4
5327;12.4;16.4
5328;12.4;16.4
5329;12.4;16.4
5330;12.4;16.4
5331;12.4;16.4
5332;12.4;16.4
5333;12.4;16.4
5334;12.4;16.4
5335;12.4;16.4
5336;12.4;16.4
5337;12.4;16.4
5338;12.4;16.4
5339;12.4;16.4
5340;12.4;16.4
5341;12.4;16.4
5342;12.4;16.4
5343;12.4;16.4
5344;12.4;16.4
5345;12.4;16.4
5346;12.4;16.4
5347;12.4;16.4
5348;12.4;16.4
5349;12.4;16.4
5350;12.4;16.4
5351;12.4;16.4
5352;12.4;16.4
5353;12.4;16.4
5354;12.4;16.4
5355;12.4;16.4
5356;12.4;16.4
5357;12.4;16.4
5358;12.4;16.4
5359;12.4;16.4
5360;12.4;16.4
5361;12.4;16.4
5362;12.4;16.4
5363;12.4;16.4
5364;12.4;16.4
5365;12.4;16.4
5366;12.4;16.4
5367;12.4;16.4
5368;12.4;16.4
5369;12.4;16.4
5370;12.4;16.4
5371;12.4;16.4
5372;12.4;16.4
5373;12.4;16.4
5374;12.4;16.4
5375;12.4;16.4
5376;12.4;16.4
5377;12.4;16.4
5378;12.4;16.4
5379;12.4;16.4
5380;12.4;16.4
5381;12.4;16.4
5382;12.4;16.4
5383;12.4;16.5
5384;12.4;16.5
5385;12.4;16.5
5386;12.4;16.5
5387;12.4;16.5
5388;12.4;16.5
5389;12.4;16.5
5390;12.4;16.5
5391;12.4;16.5
5392;12.4;16.5
5393;12.4;16.5
5394;12.4;16.5
5395;12.4;16.5
5396;12.4;16.5
5397;12.4;16.5
5398;12.4;16.5
5399;12.4;16.5
5400;12.4;16.5
5401;12.4;16.5
5402;12.4;16.5
5403;12.4;16.5
5404;12.4;16.5
5405;12.4;16.5
5406;12.4;16.5
5407;12.4;16.5
5408;12.4;16.5
5409;12.4;16.5
5410;12.4;16.5
5411;12.4;16.5
5412;12.4;16.5
5413;12.5;16.5
5414;12.5;16.5
5415;12.5;16.5
5416;12.5;16.5
5417;12.5;16.5
5418;12.5;16.5
5419;12.5;16.5
5420;12.5;16.5
5421;12.5;16.5
5422;12.5;16.5
5423;12.5;16.5
5424;12.5;16.5
5425;12.5;16.5
5426;12.5;16.5
5427;12.5;16.5
5428;12.5;16.5
5429;12.5;16.5
5430;12.5;16.5
5431;12.5;16.5
5432;12.5;16.5
5433;12.5;16.5
5434;12.5;16.5
5435;12.5;16.5
5436;12.5;16.5
5437;12.5;16.5
5438;12.5;16.5
5439;12.5;16.5
5440;12.5;16.5
5441;12.5;16.5
5442;12.5;16.5
5443;12.5;16.5
5444;12.5;16.5
5445;12.5;16.5
5446;12.5;16.5
5447;12.5;16.5
5448;12.5;16.5
5449;12.5;16.5
5450;12.5;16.5
5451;12.5;16.5
5452;12.5;16.5
5453;12.5;16.5
5454;12.5;16.5
5455;12.5;16.5
5456;12.5;16.5
5457;12.5;16.5
5458;12.5;16.5
5459;12.5;16.5
5460;12.5;16.5
5461;12.5;16.5
5462;12.5;16.5
5463;12.5;16.5
5464;12.5;16.5
5465;12.5;16.5
5466;12.5;16.5
5467;12.5;16.5
5468;12.5;16.5
5469;12.5;16.5
5470;12.5;16.5
5471;12.5;16.5
5472;12.5;16.5
5473;12.5;16.5
5474;12.5;16.5
5475;12.5;16.5
5476;12.5;16.5
5477;12.5;16.5
5478;12.5;16.5
5479;12.5;16.5
5480;12.5;16.5
5481;12.5;16.5
5482;12.5;16.6
5483;12.5;16.6
5484;12.5;16.6
5485;12.5;16.6
5486;12.5;16.6
5487;12.5;16.6
5488;12.5;16.6
5489;12.5;16.6
5490;12.5;16.6
5491;12.5;16.6
5492;12.5;16.6
5493;12.5;16.6
5494;12.5;16.6
5495;12.5;16.6
5496;12.5;16.6
5497;12.5;16.6
5498;12.5;16.6
5499;12.5;16.6
5500;12.5;16.6
5501;12.5;16.6
5502;12.5;16.6
5503;12.5;16.6
5504;12.5;16.6
5505;12.5;16.6
5506;12.5;16.6
5507;12.5;16.6
5508;12.5;16.6
5509;12.5;16.6
5510;12.5;16.6
5511;12.5;16.6
5512;12.5;16.6
5513;12.5;16.6
5514;12.5;16.6
5515;12.5;16.6
5516;12.5;16.6
5517;12.5;16.6
5518;12.5;16.6
5519;12.5;16.6
5520;12.5;16.6
5521;12.5;16.6
5522;12.5;16.6
5523;12.5;16.6
5524;12.5;16.6
5525;12.5;16.6
5526;12.5;16.6
5527;12.5;16.6
5528;12.5;16.6
5529;12.5;16.6
5530;12.5;16.6
5531;12.6;16.6
5532;12.6;16.6
5533;12.6;16.6
5534;12.6;16.6
5535;12.6;16.6
5536;12.6;16.6
5537;12.6;16.6
5538;12.6;16.6
5539;12.6;16.6
5540;12.6;16.6
5541;12.6;16.6
5542;12.6;16.6
5543;12.6;16.6
5544;12.6;16.6
5545;12.6;16.6
5546;12.6;16.6
5547;12.6;16.6
5548;12.6;16.6
5549;12.6;16.6
5550;12.6;16.6
5551;12.6;16.6
5552;12.6;16.6
5553;12.6;16.6
5554;12.6;16.6
5555;12.6;16.6
5556;12.6;16.6
5557;12.6;16.6
5558;12.6;16.6
5559;12.6;16.6
5560;12.6;16.6
5561;12.6;16.6
5562;12.6;16.6
5563;12.6;16.6
5564;12.6;16.6
5565;12.6;16.6
5566;12.6;16.6
5567;12.6;16.6
5568;12.6;16.6
5569;12.6;16.6
5570;12.6;16.6
5571;12.6;16.6
5572;12.6;16.6
5573;12.6;16.6
5574;12.6;16.6
5575;12.6;16.6
5576;12.6;16.6
5577;12.6;16.6
5578;12.6;16.6
5579;12.6;16.6
5580;12.6;16.6
5581;12.6;16.6
5582;12.6;16.6
5583;12.6;16.6
5584;12.6;16.7
5585;12.6;16.7
5586;12.6;16.7
5587;12.6;16.7
5588;12.6;16.7
5589;12.6;16.7
5590;12.6;16.7
5591;12.6;16.7
5592;12.6;16.7
5593;12.6;16.7
5594;12.6;16.7
5595;12.6;16.7
5596;12.6;16.7
5597;12.6;16.7
5598;12.6;16.7
5599;12.6;16.7
5600;12.6;16.7
5601;12.6;16.7
5602;12.6;16.7
5603;12.6;16.7
5604;12.6;16.7
5605;12.6;16.7
5606;12.6;16.7
5607;12.6;16.7
5608;12.6;16.7
5609;12.6;16.7
5610;12.6;16.7
5611;12.6;16.7
5612;12.6;16.7
5613;12.6;16.7
5614;12.6;16.7
5615;12.6;16.7
5616;12.6;16.7
5617;12.6;16.7
5618;12.6;16.7
5619;12.6;16.7
5620;12.6;16.7
5621;12.6;16.7
5622;12.6;16.7
5623;12.6;16.7
5624;12.6;16.7
5625;12.6;16.7
5626;12.6;16.7
5627;12.6;16.7
5628;12.6;16.7
5629;12.6;16.7
5630;12.6;16.7
5631;12.6;16.7
5632;12.6;16.7
5633;12.6;16.7
5634;12.6;16.7
5635;12.6;16.7
5636;12.6;16.7
5637;12.6;16.7
5638;12.6;16.7
5639;12.6;16.7
5640;12.6;16.7
5641;12.6;16.7
5642;12.6;16.7
5643;12.6;16.7
5644;12.7;16.7
5645;12.7;16.7
5646;12.7;16.7
5647;12.7;16.7
5648;12.7;16.7
5649;12.7;16.7
5650;12.7;16.7
5651;12.7;16.7
5652;12.7;16.7
5653;12.7;16.7
5654;12.7;16.7
5655;12.7;16.7
5656;12.7;16.7
5657;12.7;16.7
5658;12.7;16.7
5659;12.7;16.7
5660;12.7;16.7
5661;12.7;16.7
5662;12.7;16.7
5663;12.7;16.7
5664;12.7;16.7
5665;12.7;16.7
5666;12.7;16.7
5667;12.7;16.7
5668;12.7;16.7
5669;12.7;16.7
5670;12.7;16.7
5671;12.7;16.7
5672;12.7;16.7
5673;12.7;16.7
5674;12.7;16.7
5675;12.7;16.7
5676;12.7;16.7
5677;12.7;16.7
5678;12.7;16.7
5679;12.7;16.7
5680;12.7;16.7
5681;12.7;16.7
5682;12.7;16.7
5683;12.7;16.7
5684;12.7;16.7
5685;12.7;16.7
5686;12.7;16.7
5687;12.7;16.7
5688;12.7;16.7
5689;12.7;16.7
5690;12.7;16.8
5691;12.7;16.8
5692;12.7;16.8
5693;12.7;16.8
5694;12.7;16.8
5695;12.7;16.8
5696;12.7;16.8
5697;12.7;16.8
5698;12.7;16.8
5699;12.7;16.8
5700;12.7;16.8
5701;12.7;16.8
5702;12.7;16.8
5703;12.7;16.8
5704;12.7;16.8
5705;12.7;16.8
5706;12.7;16.8
5707;12.7;16.8
5708;12.7;16.8
5709;12.7;16.8
5710;12.7;16.8
5711;12.7;16.8
5712;12.7;16.8
5713;12.7;16.8
5714;12.7;16.8
5715;12.7;16.8
5716;12.7;16.8
5717;12.7;16.8
5718;12.7;16.8
5719;12.7;16.8
5720;12.7;16.8
5721;12.7;16.8
5722;12.7;16.8
5723;12.7;16.8
5724;12.7;16.8
5725;12.7;16.8
5726;12.7;16.8
5727;12.7;16.8
5728;12.7;16.8
5729;12.7;16.8
5730;12.7;16.8
5731;12.7;16.8
5732;12.7;16.8
5733;12.7;16.8
5734;12.7;16.8
5735;12.7;16.8
5736;12.7;16.8
5737;12.7;16.8
5738;12.7;16.8
5739;12.7;16.8
5740;12.7;16.8
5741;12.7;16.8
5742;12.7;16.8
5743;12.7;16.8
5744;12.7;16.8
5745;12.7;16.8
5746;12.7;16.8
5747;12.7;16.8
5748;12.7;16.8
5749;12.7;16.8
5750;12.7;16.8
5751;12.7;16.8
5752;12.8;16.8
5753;12.8;16.8
5754;12.8;16.8
5755;12.8;16.8
5756;12.8;16.8
5757;12.8;16.8
5758;12.8;16.8
5759;12.8;16.8
5760;12.8;16.8
5761;12.8;16.8
5762;12.8;16.8
5763;12.8;16.8
5764;12.8;16.8
5765;12.8;16.8
5766;12.8;16.8
5767;12.8;16.8
5768;12.8;16.8
5769;12.8;16.8
5770;12.8;16.8
5771;12.8;16.8
5772;12.8;16.8
5773;12.8;16.8
5774;12.8;16.8
5775;12.8;16.8
5776;12.8;16.8
5777;12.8;16.8
5778;12.8;16.8
5779;12.8;16.8
5780;12.8;16.8
5781;12.8;16.8
5782;12.8;16.8
5783;12.8;16.8
5784;12.8;16.8
5785;12.8;16.8
5786;12.8;16.8
5787;12.8;16.8
5788;12.8;16.8
5789;12.8;16.8
5790;12.8;16.8
5791;12.8;16.8
5792;12.8;16.8
5793;12.8;16.8
5794;12.8;16.8
5795;12.8;16.8
5796;12.8;16.8
5797;12.8;16.8
5798;12.8;16.8
5799;12.8;16.9
5800;12.8;16.9
5801;12.8;16.9
5802;12.8;16.9
5803;12.8;16.9
5804;12.8;16.9
5805;12.8;16.9
5806;12.8;16.9
5807;12.8;16.9
5808;12.8;16.9
5809;12.8;16.9
5810;12.8;16.9
5811;12.8;16.9
5812;12.8;16.9
5813;12.8;16.9
5814;12.8;16.9
5815;12.8;16.9
5816;12.8;16.9
5817;12.8;16.9
5818;12.8;16.9
5819;12.8;16.9
5820;12.8;16.9
5821;12.8;16.9
5822;12.8;16.9
5823;12.8;16.9
5824;12.8;16.9
5825;12.8;16.9
5826;12.8;16.9
5827;12.8;16.9
5828;12.8;16.9
5829;12.8;16.9
5830;12.8;16.9
5831;12.8;16.9
5832;12.8;16.9
5833;12.8;16.9
5834;12.8;16.9
5835;12.8;16.9
5836;12.8;16.9
5837;12.8;16.9
5838;12.8;16.9
5839;12.8;16.9
5840;12.8;16.9
5841;12.8;16.9
5842;12.8;16.9
5843;12.8;16.9
5844;12.8;16.9
5845;12.8;16.9
5846;12.8;16.9
5847;12.8;16.9
5848;12.8;16.9
5849;12.8;16.9
5850;12.8;16.9
5851;12.8;16.9
5852;12.8;16.9
5853;12.8;16.9
5854;12.8;16.9
5855;12.8;16.9
5856;12.8;16.9
5857;12.8;16.9
5858;12.9;16.9
5859;12.9;16.9
5860;12.9;16.9
5861;12.9;16.9
5862;12.9;16.9
5863;12.9;16.9
5864;12.9;16.9
5865;12.9;16.9
5866;12.9;16.9
5867;12.9;16.9
5868;12.9;16.9
5869;12.9;16.9
5870;12.9;16.9
5871;12.9;16.9
5872;12.9;16.9
5873;12.9;16.9
5874;12.9;16.9
5875;12.9;16.9
5876;12.9;16.9
5877;12.9;16.9
5878;12.9;16.9
5879;12.9;16.9
5880;12.9;16.9
5881;12.9;16.9
5882;12.9;16.9
5883;12.9;16.9
5884;12.9;16.9
5885;12.9;16.9
5886;12.9;16.9
5887;12.9;16.9
5888;12.9;16.9
5889;12.9;16.9
5890;12.9;16.9
5891;12.9;16.9
5892;12.9;16.9
5893;12.9;16.9
5894;12.9;16.9
5895;12.9;16.9
5896;12.9;16.9
5897;12.9;16.9
5898;12.9;16.9
5899;12.9;16.9
5900;12.9;16.9
5901;12.9;16.9
5902;12.9;16.9
5903;12.9;16.9
5904;12.9;16.9
5905;12.9;16.9
5906;12.9;16.9
5907;12.9;16.9
5908;12.9;16.9
5909;12.9;16.9
5910;12.9;16.9
5911;12.9;16.9
5912;12.9;17
5913;12.9;17
5914;12.9;17
5915;12.9;17
5916;12.9;17
5917;12.9;17
5918;12.9;17
5919;12.9;17
5920;12.9;17
5921;12.9;17
5922;12.9;17
5923;12.9;17
5924;12.9;17
5925;12.9;17
5926;12.9;17
5927;12.9;17
5928;12.9;17
5929;12.9;17
5930;12.9;17
5931;12.9;17
5932;12.9;17
5933;12.9;17
5934;12.9;17
5935;12.9;17
5936;12.9;17
5937;12.9;17
5938;12.9;17
5939;12.9;17
5940;12.9;17
5941;12.9;17
5942;12.9;17
5943;12.9;17
5944;12.9;17
5945;12.9;17
5946;12.9;17
5947;12.9;17
5948;12.9;17
5949;12.9;17
5950;12.9;17
5951;12.9;17
5952;12.9;17
5953;12.9;17
5954;12.9;17
5955;12.9;17
5956;12.9;17
5957;12.9;17
5958;12.9;17
5959;12.9;17
5960;12.9;17
5961;13;17
5962;13;17
5963;13;17
5964;13;17
5965;13;17
5966;13;17
5967;13;17
5968;13;17
5969;13;17
5970;13;17
5971;13;17
5972;13;17
5973;13;17
5974;13;17
5975;13;17
5976;13;17
5977;13;17
5978;13;17
5979;13;17
5980;13;17
5981;13;17
5982;13;17
5983;13;17
5984;13;17
5985;13;17
5986;13;17
5987;13;17
5988;13;17
5989;13;17
5990;13;17
5991;13;17
5992;13;17
5993;13;17
5994;13;17
5995;13;17
5996;13;17
5997;13;17
5998;13;17
5999;13;17
6000;13;17
6001;13;17
6002;13;17
6003;13;17
6004;13;17
6005;13;17
6006;13;17
6007;13;17
6008;13;17
6009;13;17
6010;13;17
6011;13;17
6012;13;17
6013;13;17
6014;13;17
6015;13;17
6016;13;17
6017;13;17
6018;13;17
6019;13;17
6020;13;17
6021;13;17
6022;13;17
6023;13;17
6024;13;17
6025;13;17
6026;13;17
6027;13;17
6028;13;17.1
6029;13;17.1
6030;13;17.1
6031;13;17.1
6032;13;17.1
6033;13;17.1
6034;13;17.1
6035;13;17.1
6036;13;17.1
6037;13;17.1
6038;13;17.1
6039;13;17.1
6040;13;17.1
6041;13;17.1
6042;13;17.1
6043;13;17.1
6044;13;17.1
6045;13;17.1
6046;13;17.1
6047;13;17.1
6048;13;17.1
6049;13;17.1
6050;13;17.1
6051;13;17.1
6052;13;17.1
6053;13;17.1
6054;13;17.1
6055;13;17.1
6056;13;17.1
6057;13;17.1
6058;13;17.1
6059;13;17.1
6060;13;17.1
6061;13;17.1
6062;13;17.1
6063;13.1;17.1
6064;13.1;17.1
6065;13.1;17.1
6066;13.1;17.1
6067;13.1;17.1
6068;13.1;17.1
6069;13.1;17.1
6070;13.1;17.1
6071;13.1;17.1
6072;13.1;17.1
6073;13.1;17.1
6074;13.1;17.1
6075;13.1;17.1
6076;13.1;17.1
6077;13.1;17.1
6078;13.1;17.1
6079;13.1;17.1
6080;13.1;17.1
6081;13.1;17.1
6082;13.1;17.1
6083;13.1;17.1
6084;13.1;17.1
6085;13.1;17.1
6086;13.1;17.1
6087;13.1;17.1
6088;13.1;17.1
6089;13.1;17.1
6090;13.1;17.1
6091;13.1;17.1
6092;13.1;17.1
6093;13.1;17.1
6094;13.1;17.1
6095;13.1;17.1
6096;13.1;17.1
6097;13.1;17.1
6098;13.1;17.1
6099;13.1;17.1
6100;13.1;17.1
6101;13.1;17.1
6102;13.1;17.1
6103;13.1;17.1
6104;13.1;17.1
6105;13.1;17.1
6106;13.1;17.1
6107;13.1;17.1
6108;13.1;17.1
6109;13.1;17.1
6110;13.1;17.1
6111;13.1;17.1
6112;13.1;17.1
6113;13.1;17.1
6114;13.1;17.1
6115;13.1;17.1
6116;13.1;17.1
6117;13.1;17.1
6118;13.1;17.1
6119;13.1;17.1
6120;13.1;17.1
6121;13.1;17.1
6122;13.1;17.1
6123;13.1;17.1
6124;13.1;17.1
6125;13.1;17.1
6126;13.1;17.1
6127;13.1;17.1
6128;13.1;17.1
6129;13.1;17.1
6130;13.1;17.1
6131;13.1;17.1
6132;13.1;17.1
6133;13.1;17.1
6134;13.1;17.1
6135;13.1;17.1
6136;13.1;17.1
6137;13.1;17.1
6138;13.1;17.1
6139;13.1;17.1
6140;13.1;17.1
6141;13.1;17.1
6142;13.1;17.1
6143;13.1;17.1
6144;13.1;17.1
6145;13.1;17.1
6146;13.1;17.1
6147;13.1;17.2
6148;13.1;17.2
6149;13.1;17.2
6150;13.1;17.2
6151;13.1;17.2
6152;13.1;17.2
6153;13.1;17.2
6154;13.1;17.2
6155;13.1;17.2
6156;13.1;17.2
6157;13.1;17.2
6158;13.1;17.2
6159;13.1;17.2
6160;13.1;17.2
6161;13.1;17.2
6162;13.1;17.2
6163;13.1;17.2
6164;13.2;17.2
6165;13.2;17.2
6166;13.2;17.2
6167;13.2;17.2
6168;13.2;17.2
6169;13.2;17.2
6170;13.2;17.2
6171;13.2;17.2
6172;13.2;17.2
6173;13.2;17.2
6174;13.2;17.2
6175;13.2;17.2
6176;13.2;17.2
6177;13.2;17.2
6178;13.2;17.2
6179;13.2;17.2
6180;13.2;17.2
6181;13.2;17.2
6182;13.2;17.2
6183;13.2;17.2
6184;13.2;17.2
6185;13.2;17.2
6186;13.2;17.2
6187;13.2;17.2
6188;13.2;17.2
6189;13.2;17.2
6190;13.2;17.2
6191;13.2;17.2
6192;13.2;17.2
6193;13.2;17.2
6194;13.2;17.2
6195;13.2;17.2
6196;13.2;17.2
6197;13.2;17.2
6198;13.2;17.2
6199;13.2;17.2
6200;13.2;17.2
6201;13.2;17.2
6202;13.2;17.2
6203;13.2;17.2
6204;13.2;17.2
6205;13.2;17.2
6206;13.2;17.2
6207;13.2;17.2
6208;13.2;17.2
6209;13.2;17.2
6210;13.2;17.2
6211;13.2;17.2
6212;13.2;17.2
6213;13.2;17.2
6214;13.2;17.2
6215;13.2;17.2
6216;13.2;17.2
6217;13.2;17.2
6218;13.2;17.2
6219;13.2;17.2
6220;13.2;17.2
6221;13.2;17.2
6222;13.2;17.2
6223;13.2;17.2
6224;13.2;17.2
6225;13.2;17.2
6226;13.2;17.2
6227;13.2;17.2
6228;13.2;17.2
6229;13.2;17.2
6230;13.2;17.2
6231;13.2;17.2
6232;13.2;17.2
6233;13.2;17.2
6234;13.2;17.2
6235;13.2;17.2
6236;13.2;17.2
6237;13.2;17.2
6238;13.2;17.2
6239;13.2;17.2
6240;13.2;17.2
6241;13.2;17.2
6242;13.2;17.2
6243;13.2;17.2
6244;13.2;17.2
6245;13.2;17.2
6246;13.2;17.2
6247;13.2;17.2
6248;13.2;17.2
6249;13.2;17.2
6250;13.2;17.2
6251;13.2;17.2
6252;13.2;17.2
6253;13.2;17.2
6254;13.2;17.2
6255;13.2;17.2
6256;13.2;17.2
6257;13.2;17.2
6258;13.2;17.2
6259;13.2;17.2
6260;13.2;17.2
6261;13.2;17.2
6262;13.2;17.2
6263;13.2;17.2
6264;13.2;17.2
6265;13.3;17.2
6266;13.3;17.2
6267;13.3;17.2
6268;13.3;17.2
6269;13.3;17.3
6270;13.3;17.3
6271;13.3;17.3
6272;13.3;17.3
6273;13.3;17.3
6274;13.3;17.3
6275;13.3;17.3
6276;13.3;17.3
6277;13.3;17.3
6278;13.3;17.3
6279;13.3;17.3
6280;13.3;17.3
6281;13.3;17.3
6282;13.3;17.3
6283;13.3;17.3
6284;13.3;17.3
6285;13.3;17.3
6286;13.3;17.3
6287;13.3;17.3
6288;13.3;17.3
6289;13.3;17.3
6290;13.3;17.3
6291;13.3;17.3
6292;13.3;17.3
6293;13.3;17.3
6294;13.3;17.3
6295;13.3;17.3
6296;13.3;17.3
6297;13.3;17.3
6298;13.3;17.3
6299;13.3;17.3
6300;13.3;17.3
6301;13.3;17.3
6302;13.3;17.3
6303;13.3;17.3
6304;13.3;17.3
6305;13.3;17.3
6306;13.3;17.3
6307;13.3;17.3
6308;13.3;17.3
6309;13.3;17.3
6310;13.3;17.3
6311;13.3;17.3
6312;13.3;17.3
6313;13.3;17.3
6314;13.3;17.3
6315;13.3;17.3
6316;13.3;17.3
6317;13.3;17.3
6318;13.3;17.3
6319;13.3;17.3
6320;13.3;17.3
6321;13.3;17.3
6322;13.3;17.3
6323;13.3;17.3
6324;13.3;17.3
6325;13.3;17.3
6326;13.3;17.3
6327;13.3;17.3
6328;13.3;17.3
6329;13.3;17.3
6330;13.3;17.3
6331;13.3;17.3
6332;13.3;17.3
6333;13.3;17.3
6334;13.3;17.3
6335;13.3;17.3
6336;13.3;17.3
6337;13.3;17.3
6338;13.3;17.3
6339;13.3;17.3
6340;13.3;17.3
6341;13.3;17.3
6342;13.3;17.3
6343;13.3;17.3
6344;13.3;17.3
6345;13.3;17.3
6346;13.3;17.3
6347;13.3;17.3
6348;13.3;17.3
6349;13.3;17.3
6350;13.3;17.3
6351;13.3;17.3
6352;13.3;17.3
6353;13.3;17.3
6354;13.3;17.3
6355;13.3;17.3
6356;13.3;17.3
6357;13.3;17.3
6358;13.3;17.3
6359;13.3;17.3
6360;13.3;17.3
6361;13.3;17.3
6362;13.3;17.3
6363;13.3;17.3
6364;13.3;17.3
6365;13.4;17.3
6366;13.4;17.3
6367;13.4;17.3
6368;13.4;17.3
6369;13.4;17.3
6370;13.4;17.3
6371;13.4;17.3
6372;13.4;17.3
6373;13.4;17.3
6374;13.4;17.3
6375;13.4;17.3
6376;13.4;17.3
6377;13.4;17.3
6378;13.4;17.3
6379;13.4;17.3
6380;13.4;17.3
6381;13.4;17.3
6382;13.4;17.3
6383;13.4;17.3
6384;13.4;17.3
6385;13.4;17.3
6386;13.4;17.3
6387;13.4;17.3
6388;13.4;17.3
6389;13.4;17.3
6390;13.4;17.3
6391;13.4;17.4
6392;13.4;17.4
6393;13.4;17.4
6394;13.4;17.4
6395;13.4;17.4
6396;13.4;17.4
6397;13.4;17.4
6398;13.4;17.4
6399;13.4;17.4
6400;13.4;17.4
6401;13.4;17.4
6402;13.4;17.4
6403;13.4;17.4
6404;13.4;17.4
6405;13.4;17.4
6406;13.4;17.4
6407;13.4;17.4
6408;13.4;17.4
6409;13.4;17.4
6410;13.4;17.4
6411;13.4;17.4
6412;13.4;17.4
6413;13.4;17.4
6414;13.4;17.4
6415;13.4;17.4
6416;13.4;17.4
6417;13.4;17.4
6418;13.4;17.4
6419;13.4;17.4
6420;13.4;17.4
6421;13.4;17.4
6422;13.4;17.4
6423;13.4;17.4
6424;13.4;17.4
6425;13.4;17.4
6426;13.4;17.4
6427;13.4;17.4
6428;13.4;17.4
6429;13.4;17.4
6430;13.4;17.4
6431;13.4;17.4
6432;13.4;17.4
6433;13.4;17.4
6434;13.4;17.4
6435;13.4;17.4
6436;13.4;17.4
6437;13.4;17.4
6438;13.4;17.4
6439;13.4;17.4
6440;13.4;17.4
6441;13.4;17.4
6442;13.4;17.4
6443;13.4;17.4
6444;13.4;17.4
6445;13.4;17.4
6446;13.4;17.4
6447;13.4;17.4
6448;13.4;17.4
6449;13.4;17.4
6450;13.4;17.4
6451;13.4;17.4
6452;13.4;17.4
6453;13.4;17.4
6454;13.4;17.4
6455;13.4;17.4
6456;13.4;17.4
6457;13.4;17.4
6458;13.4;17.4
6459;13.4;17.4
6460;13.4;17.4
6461;13.4;17.4
6462;13.4;17.4
6463;13.4;17.4
6464;13.4;17.4
6465;13.5;17.4
6466;13.5;17.4
6467;13.5;17.4
6468;13.5;17.4
6469;13.5;17.4
6470;13.5;17.4
6471;13.5;17.4
6472;13.5;17.4
6473;13.5;17.4
6474;13.5;17.4
6475;13.5;17.4
6476;13.5;17.4
6477;13.5;17.4
6478;13.5;17.4
6479;13.5;17.4
6480;13.5;17.4
6481;13.5;17.4
6482;13.5;17.4
6483;13.5;17.4
6484;13.5;17.4
6485;13.5;17.4
6486;13.5;17.4
6487;13.5;17.4
6488;13.5;17.4
6489;13.5;17.4
6490;13.5;17.4
6491;13.5;17.4
6492;13.5;17.4
6493;13.5;17.4
6494;13.5;17.4
6495;13.5;17.4
6496;13.5;17.4
6497;13.5;17.4
6498;13.5;17.4
6499;13.5;17.4
6500;13.5;17.4
6501;13.5;17.4
6502;13.5;17.4
6503;13.5;17.4
6504;13.5;17.4
6505;13.5;17.4
6506;13.5;17.4
6507;13.5;17.4
6508;13.5;17.4
6509;13.5;17.4
6510;13.5;17.4
6511;13.5;17.4
6512;13.5;17.4
6513;13.5;17.4
6514;13.5;17.4
6515;13.5;17.5
6516;13.5;17.5
6517;13.5;17.5
6518;13.5;17.5
6519;13.5;17.5
6520;13.5;17.5
6521;13.5;17.5
6522;13.5;17.5
6523;13.5;17.5
6524;13.5;17.5
6525;13.5;17.5
6526;13.5;17.5
6527;13.5;17.5
6528;13.5;17.5
6529;13.5;17.5
6530;13.5;17.5
6531;13.5;17.5
6532;13.5;17.5
6533;13.5;17.5
6534;13.5;17.5
6535;13.5;17.5
6536;13.5;17.5
6537;13.5;17.5
6538;13.5;17.5
6539;13.5;17.5
6540;13.5;17.5
6541;13.5;17.5
6542;13.5;17.5
6543;13.5;17.5
6544;13.5;17.5
6545;13.5;17.5
6546;13.5;17.5
6547;13.5;17.5
6548;13.5;17.5
6549;13.5;17.5
6550;13.5;17.5
6551;13.5;17.5
6552;13.5;17.5
6553;13.5;17.5
6554;13.5;17.5
6555;13.5;17.5
6556;13.5;17.5
6557;13.5;17.5
6558;13.5;17.5
6559;13.5;17.5
6560;13.5;17.5
6561;13.5;17.5
6562;13.5;17.5
6563;13.5;17.5
6564;13.5;17.5
6565;13.6;17.5
6566;13.6;17.5
6567;13.6;17.5
6568;13.6;17.5
6569;13.6;17.5
6570;13.6;17.5
6571;13.6;17.5
